toGIG,toDRG,fpocket_pos,fpocket_dist
2.9113140064380323,0.5114440718684369,9,5.66
2.9907292890562425,0.4166002474592712,9,4.99
3.032364107432801,0.5746300799929872,9,5.59
2.954699524358625,0.3959417855122699,9,4.87
3.0162766416997133,0.5710923591503542,9,5.14
2.906655146930374,0.47703831010259223,9,5.19
3.0103303849207945,0.5068318488896122,9,4.83
2.9234179275641354,0.48413346260556167,9,4.89
2.838537540764466,0.48750809111041715,9,5.01
2.978738314628471,0.4991072995993208,9,4.88
2.8221916212468945,0.44091807971801406,9,4.75
2.907346051490365,0.5536093964890133,9,4.95
2.9690027744698604,0.5739765174664174,9,5.5
2.8802990098817767,0.6140050752951832,9,4.65
2.7311066153396752,0.5796025976861302,9,4.58
3.0150669411993665,0.721754122331408,9,5.01
2.9502326583258296,0.6540636889001384,9,5.3
2.7788058270771,0.5327849554863231,9,4.54
2.885808599521643,0.6187129198029263,9,5.19
2.907258713802961,0.6451818408351477,9,5.18
2.8851947395306006,0.5463816786101959,9,4.86
2.859786673718643,0.8061119066028065,9,4.78
2.821427531578138,0.6615448621594396,9,4.92
2.7670645018728717,0.8455018535159027,9,5.08
2.8364239414182637,0.7079566914925589,9,5.29
2.791252773331912,0.7825401000246833,9,4.62
2.8899449399460573,0.676552428947369,9,4.81
2.838280874269493,0.6278939245937248,9,5.01
2.8161106333014874,0.5282543712970131,9,4.77
2.7478454071010434,0.6773635325611144,9,4.66
2.925845693914928,0.788159719622657,9,4.72
2.7249426631348608,0.557665488937578,9,5.04
2.7017288298306483,0.7066521335607252,9,4.93
2.7361464791770937,0.6076974229067729,9,4.79
2.7515236695071947,0.6780920512535434,9,4.87
2.8859504967677525,0.7469714169743239,9,4.84
2.8260462750051554,0.6884539051028024,9,4.67
2.993379932108261,0.7849390757688267,9,4.64
2.9656089514944233,0.73869934002884,9,4.68
2.8352535602763504,0.7197339860756891,9,4.61
2.8685647363203706,0.8044046933207049,9,4.77
2.8450025053326833,0.7923370361372573,9,4.81
2.8244287363652143,0.8629633275744986,9,4.54
2.8825085807089503,0.6893239362884601,9,4.84
2.910287746319935,0.7792280305610644,9,4.62
2.9147609512833146,0.6270896579082404,9,5.33
2.933582490972709,0.8717266257847754,9,4.46
2.983873730229929,0.8118720935452709,9,4.84
2.908053357725355,0.8253278161865407,9,4.77
2.932485546364463,0.6032205317945168,9,4.66
2.9276523537079973,0.7305772232512684,9,4.51
3.074743589085913,1.0228964119642856,9,4.89
2.9610619364814696,0.7046344993993794,9,4.48
2.7329796512924474,0.7991798113827872,9,4.72
2.8674097850415907,0.9411143562259187,9,4.22
2.815005176710572,0.6947338816982006,9,4.88
2.7642388730401564,0.7508354837629704,9,4.93
2.7846334454884314,0.6314314929679101,9,5.14
2.9164311278192483,0.8006367901718837,9,4.59
2.7616973266669023,0.6320576970557652,9,4.64
3.0661138470342317,0.7251811317254973,9,4.88
3.0103325004212698,0.7638738321679216,9,4.6
3.0355746035929596,0.5720612746543247,9,4.95
2.9247555913629797,0.6937694015861487,9,4.88
3.0551353880410854,0.7326684994451074,9,4.93
3.0535962630808955,0.8222574221347402,9,4.66
3.0142758480706617,0.8030437546753965,9,4.44
3.016485454225796,0.8028878794518571,9,4.73
3.0076541283380087,0.5953348373179983,9,5.34
3.0768357577659597,0.8307628454974516,9,5.41
2.8787211517201214,0.7198955893792769,9,5.25
3.032631691968856,0.7326850550684862,9,5.15
3.0651778660177613,0.8208542317038307,9,5.01
2.799122933379212,0.8625802890977714,9,5.41
2.8455002790554165,0.8671355983731539,9,5.79
2.7708567284765055,0.8460927463172377,9,4.88
2.7911632044200276,0.7290604957524909,9,4.71
2.9134693058793326,0.7787740676608131,9,4.88
2.9621911365856346,0.8210193876825396,9,4.72
2.7979139585046995,0.7458205361963103,9,4.68
2.8544508180357373,0.7204110084879208,9,4.81
2.883449630059606,0.7326804442560221,9,5.11
2.996608884317246,0.8255897037592904,9,4.74
2.7668531917561547,0.713326584497737,9,5.46
2.9276808134064765,0.9263859503046585,9,5.02
2.9830143042842594,0.7744728094037844,9,4.86
2.839024777089909,0.7303347411084044,9,4.73
3.0181537490085217,0.7905865410965387,9,4.86
2.8368950772413153,0.6275402589875927,9,4.96
2.9624070519325927,0.7162452314002834,9,4.75
2.8222050571105726,0.7348518719639626,9,4.99
2.989493498557676,0.8308736747115912,9,4.82
2.9688480114046536,0.8314967466552452,9,5.03
2.8806629586157326,0.7665603328785651,9,5.54
2.978772541666156,0.9233305194493959,9,5.3
3.01898335134823,0.9694384640044967,9,5.53
3.0300369010403867,0.8551847598464514,9,5.19
2.9243707494716777,0.6998992483794977,9,5.03
2.9997162487102362,0.8704108961343408,9,5.38
2.9666335888585587,0.825859848789874,9,4.72
2.9111761418916657,0.7848648547000141,9,4.51
3.0067135425791145,0.7567991020672661,9,4.65
2.839187210859437,0.8303651597247298,9,4.97
3.0085503719414013,0.7682499187624212,9,4.81
2.874804485111318,0.6427890835530959,9,4.65
3.077532860579058,0.7735098769570646,9,4.83
2.9583840934872603,0.8125021704040084,9,4.98
2.936981737263317,0.740860016716007,9,5.22
2.770649289503477,0.6821106853403881,9,4.64
2.972241702142829,0.7606505006118647,9,4.66
2.8097277161367855,0.7842661780294585,9,4.94
2.791735997552725,0.7665478961162037,9,4.82
3.0243144754556033,0.8213864925079569,9,4.64
3.061731549542053,0.7768342362899957,9,4.5
2.940997605989909,0.8621029073743947,9,4.77
2.9570547879432336,0.8446590859851103,9,4.52
3.0738487134157535,0.8080753017377446,9,4.68
3.0672076116256957,0.7558870185906986,9,5.15
3.129253123150067,0.830323872210078,9,5.37
2.995690859748247,0.9609151125799525,9,5.19
2.942497937358948,0.9034314364651342,9,4.54
3.0838078293177817,1.056365701597011,9,4.77
2.9726745100728427,1.0422569563506874,9,4.78
3.0866469064141158,1.1806483944931834,9,4.66
2.9518845525222464,1.0740886054522765,9,4.47
2.953613653494943,0.9256715011222758,9,4.68
2.8949229709426305,0.8163911320923393,9,4.83
3.018824852521114,0.9953935023984335,9,4.59
3.093128390865782,1.0746155402031745,9,5.22
2.8986701970469517,0.9005692089767889,9,5.12
3.05362613734837,1.0023786226985327,9,5.12
3.093188498318648,0.9075379888196269,9,5.2
2.960189805427183,0.9119403625488556,9,4.67
2.9540358951278916,0.8096250843300713,9,4.82
2.962888172029369,0.8480387926808233,9,4.99
2.7215322883742417,0.8346042549046553,9,5.34
2.8613695019610046,0.8625925057124987,9,5.17
2.9256459660594065,0.9525059342203137,9,5.61
3.0082389057423997,0.930703839991505,9,5.65
2.848543248830425,0.6907679845161573,9,4.83
3.001830556881735,0.9377233910766021,9,5.12
2.9731219879658553,0.8655182454565427,9,4.76
2.85725386870915,0.6589551875153514,9,4.94
3.0441029220745297,0.9438828899732817,9,5.05
2.942817364225934,0.834643712709277,9,4.74
2.8476542380452963,0.7256930754667955,9,5.25
2.898882001649585,0.844895770130353,9,5.38
2.993082477365431,0.8259714548136273,9,5.17
2.946047653668585,0.8446748496385073,9,4.85
2.8569220186667628,0.7006848067111385,9,4.99
3.005324238797712,0.8084477177979692,9,5.1
2.9278918307228556,0.6893683975608546,9,4.8
2.9313077641259135,0.9127858085751562,9,4.79
3.0537248669077597,0.8965762173162288,9,5.13
2.9878725653457328,0.879055393983547,9,4.84
2.848129915472836,0.7570832235054431,9,4.85
2.961643601568449,0.9846327979347812,9,5.03
2.859688701577272,0.8400737484321436,9,5.17
2.8298076992307717,0.993753894463721,9,4.34
2.9011447685189196,1.031437812305859,9,4.61
2.8889451042715564,0.7970794652157506,9,5.0
2.9861472028691454,1.0267741145168676,9,4.69
2.853706090997732,0.9339843640085421,9,4.58
2.9529493646732057,0.9034986356723523,9,4.84
3.0481453109260768,0.9416518507905759,9,4.94
2.950904808237787,0.736906469933515,9,5.0
2.99894541876125,0.8197272720679467,9,4.91
2.886910812521225,0.9235654510828607,9,4.46
3.111913836721106,1.0763193583257373,9,4.99
3.0286981357897993,0.8615122290815139,9,4.69
2.9795989586516693,0.9655943452673834,9,4.76
3.207677686271464,1.209018360256991,9,4.73
3.0493524284983917,0.8763815508950213,9,4.87
3.1408884671885264,1.151125809790157,9,4.89
3.046334166760382,1.249198894842735,9,5.16
3.127109737589614,1.2936383988106652,9,5.2
3.0704870680117726,1.3223446448896496,9,5.51
2.985244682814738,0.9677028023545651,9,5.24
2.892777815288362,0.9232329440968607,9,5.14
2.881172717526773,0.8260385049383517,9,5.43
2.8787355595502007,1.1007664793358463,9,4.84
2.854993904319589,0.9565026976135325,9,5.25
2.9605672158999012,1.0765736859131145,9,4.61
2.8353989213991277,0.8889053088297123,9,5.05
2.838427702654224,0.9604655129056235,9,4.93
3.043039737198354,1.1619681694831259,9,4.93
2.9996312110137997,0.928834913505287,9,4.99
3.0348542636093856,0.8755423591823167,9,5.0
2.8313546167324066,0.7793542653924797,9,4.8
2.873274667574838,0.6890952312542482,9,5.34
2.9604896062441,0.8741622852774196,9,5.25
2.924855612222429,0.9210156469673216,9,4.41
3.0127556791334125,0.9404520272846273,9,4.42
3.075662136898118,1.1493948650314731,9,4.38
2.901533321908167,0.9500790666139416,9,4.68
3.07533733903839,1.0387088140928016,9,4.31
3.076085470150569,1.089140469015001,9,4.59
2.9415668548249574,0.9801808652990532,9,4.32
3.0188456474171046,1.0311898151889192,9,4.57
3.083333297611901,0.9835027598294459,9,4.68
3.023328670704651,0.9763727260337587,9,4.86
3.0965434493155812,1.081194885061082,9,4.65
3.0844569514595563,1.0714979547121646,9,4.5
3.0195983319214164,1.036359372636666,9,4.34
2.909703942921006,0.8828681073087421,9,4.47
3.019179566621192,0.9553970289584869,9,4.53
3.002063950971617,0.9824707609629972,9,4.99
3.06516797760948,0.9898424485534336,9,5.07
3.1394371398106573,1.031285475802559,9,4.72
2.9831912907413143,0.9187077287072539,9,4.52
3.0820282641106798,1.1638201739419156,9,4.79
3.1036594990725876,0.9985023823604863,9,5.11
2.9896835518651486,0.9175311005246677,9,4.73
2.8766145076511007,0.9089647413291914,9,4.45
3.203374470580633,1.0280638426508182,9,4.87
2.995488262198283,1.0149288757234458,9,4.82
3.0078472277249224,0.9079619463140699,9,4.68
2.9314661116816394,0.8655140839695283,9,4.74
3.0101414222093443,1.108571924401545,9,4.69
3.00735414031945,0.9014202602507165,9,4.78
2.8615116844987796,0.999877691113462,9,5.19
3.0160550622019335,1.1050840856698498,9,5.01
2.9670601713607425,0.9241792482182515,9,4.97
3.045490108292219,0.9795974279668191,9,5.1
2.9668633576948236,1.016486306016806,9,4.78
3.1151466697602777,1.1950373522938191,9,4.76
2.9938331565004384,1.0427352066403957,9,4.88
3.1377220622706723,1.2335364351542573,9,5.22
2.924364029232859,0.9964090281335144,9,5.14
2.8685141841429207,0.8303928434406481,9,5.08
2.9746759180627,1.0081882286595654,9,5.17
3.1108904242528914,1.1953446309514473,9,5.09
3.044433378463588,1.0921747778400055,9,5.01
2.8900493471668898,0.8647698603743135,9,5.15
2.8279592950412575,0.9217613252235339,9,5.05
2.986795616318178,1.0549407612440993,9,4.67
2.875513315084858,1.062235027284846,9,4.69
2.8956237584928157,0.9012985709345258,9,4.5
3.066586659106257,1.0512240935481596,9,4.75
3.058658896285659,1.080209277372392,9,4.63
3.042576386933799,0.8946748401304231,9,4.94
3.149083500780391,1.0710516191202113,9,4.68
2.9635008931983626,0.7624403072349422,9,4.65
2.964678385588543,0.8682389408106241,9,4.81
2.907884252660043,0.842316892122617,9,4.51
3.052109547343538,1.0573822769682386,9,4.26
3.0772319769763192,0.9985288257920377,9,4.49
2.9155427092498787,0.8343517455407895,9,4.78
3.1094803145593093,0.8861920748198205,9,4.68
3.0164273897209184,0.8546987157348944,9,4.41
2.8721477914441844,0.8439771401334024,9,4.44
3.063930079312748,1.0286746363686652,9,4.12
3.004492408387443,0.9705990264997033,9,4.94
3.212217373307007,1.0213106872470916,9,4.76
3.001125742931251,0.9513464898745886,9,4.73
3.081964586141746,1.0890882887066848,9,5.72
2.9936503386181355,0.8988519061184692,9,5.25
3.0033410940701253,0.9370227727062965,9,5.07
3.0544481368492384,0.9794972265398705,9,4.93
2.950420601078333,0.9427885764682978,9,5.03
3.0064267179142425,1.0145095957210142,9,4.9
2.874253790797327,1.1060458182122983,9,4.72
2.7961712055463925,0.9060709701058364,9,4.99
2.956080153750539,0.7556973908353344,9,4.79
2.8656332003542575,0.6731702075376637,9,5.0
2.824612552826324,0.6548386189557611,9,4.64
2.892743271759638,0.6977267001126912,9,4.76
2.800780236461971,0.7443766008025906,9,4.78
2.7849137317633392,0.835473756962349,9,4.98
2.969360388748486,0.7905456637998269,9,4.88
3.0412183689577845,0.9054718517017608,9,5.07
2.858966323608207,0.9369615753374616,9,4.83
2.798560371378969,0.7573850379463044,9,4.65
2.828677758803677,0.8885438167143034,9,4.5
2.8640033248711014,0.964019704933835,9,5.19
2.6529261915039237,0.8993651742011425,9,4.9
2.78271032840161,0.8239537776775885,9,5.04
2.8098490953247683,0.8777073399502253,9,4.95
2.8292844358342135,0.8544888707024818,9,5.06
2.8060176127472767,0.8891982027597611,9,4.46
2.822249784042235,0.9514176635116298,9,4.81
2.7871370140732847,0.9772447764053518,9,4.85
2.9606128572613577,0.9061973445330271,9,4.62
2.7954100350019444,0.9398447632903458,9,5.03
2.9141969754810417,0.9825353848479846,9,5.02
3.06587947173848,0.9494280127160317,9,4.88
2.8687579004913424,0.835799858411776,9,4.78
3.1144458064293734,0.9282376997724611,9,4.92
2.9682801547577253,1.0111864636750798,9,4.76
2.886510993968109,0.7960922607011026,9,4.85
3.069360316505647,1.0358508060152194,9,5.06
2.9692253156358293,0.8554383874300774,9,4.74
2.868999601549828,0.7489311159370676,9,4.89
2.9557091225948637,0.7887706258160203,9,4.66
2.9926940615367257,1.0951058695284543,9,4.57
3.0485538209820398,1.0902037459218168,9,4.56
2.9590925264651338,0.7351596475250783,9,4.92
2.8234925557839468,0.6951516490741912,9,4.82
2.903718968964827,0.8734969456730868,9,4.68
2.850844573636535,0.67017899113868,9,5.26
2.9202563209770664,0.7477471974781836,9,5.32
2.9013648828642937,0.792767071150333,9,5.12
2.90335488977322,0.8378176410168677,9,5.27
2.794017072018234,0.9065465115360027,9,5.08
2.975321499247493,0.6349566298347935,9,4.95
2.9174438793600093,0.7534074840840863,9,4.97
2.9691198229913027,0.8177159819078789,9,4.44
2.838633907924936,0.8081705043808229,9,4.53
2.9412704676421444,0.9769586786900939,9,4.56
2.977019311864348,0.9490621658367657,9,5.08
2.943614662909046,0.8385570916502729,9,5.19
2.7683396447692727,0.8426696445629012,9,5.16
2.9239627260393273,0.8542492134078963,9,5.08
2.8709709811408395,0.7017415732936974,9,5.36
2.966529440764403,0.944915453861567,9,5.83
3.0055418390002107,0.643149966291958,9,5.23
2.851300034765169,0.7732632494609978,9,5.23
3.121869460781649,1.015286568196187,9,5.4
3.0747761713136024,0.8676834484847318,9,4.65
2.977736541265947,0.911724567119659,9,4.76
2.9358553271286083,0.991961675602085,9,4.65
3.0757229336983705,0.9847321929174485,9,4.64
3.0374596055366654,0.9487494068536808,9,4.37
2.9197033693516934,0.7446852227130262,9,4.97
2.962511004984379,0.9375464056711026,9,4.47
2.9040777895589778,0.8900339294464924,9,4.83
2.9943240532858897,1.0715394999650918,9,5.6
2.9762977628058005,1.0945248909738843,9,5.43
3.0165636056465512,1.1095463509956482,9,4.74
2.921202048609435,0.8882077315741748,9,4.79
2.843485550715245,0.9373380864164442,9,4.64
2.8151484578902304,0.739830213911576,9,4.89
2.9369442261224528,0.8905749981785127,9,4.73
2.976925460410163,0.7801002381051885,9,4.81
3.0880680479472353,0.9637329367997818,9,4.84
2.8644745688508544,0.8547164456346146,9,5.09
2.9531266036153734,0.7831965288653215,9,4.84
3.0533827796598225,0.8578446806128737,9,4.8
2.944153784138347,0.7160623292386826,9,4.78
3.0148598098392423,0.8634521956429428,9,5.06
3.0017652219677724,0.937003895968354,9,5.08
2.987825293626618,0.8397706502530353,9,4.76
2.995611252362905,0.9765664365155127,9,5.04
3.0104304587130577,0.9787864741755999,9,5.02
2.9628049767084605,0.7169596820055303,9,5.04
3.039663762457512,0.9917443156680916,9,4.81
2.9139186442145655,0.9165332919651245,9,4.61
3.048246525503141,0.9041224251851085,9,4.65
2.801064524070202,0.8022519234842556,9,4.85
2.910509639461023,0.7865488438295942,9,4.55
2.8225803394913336,0.8630139271074394,9,4.73
2.8840785647609706,0.8415742888326563,9,4.63
2.9358306193251504,0.7382270381215933,9,5.26
2.8952843153602053,0.8280154978833443,9,4.92
2.970714272210101,0.6747773359362873,9,5.0
2.9179804516592927,0.776311594085876,9,4.85
2.8548281589047013,0.7868045083451215,9,4.49
3.047081948849146,0.8413020378137881,9,4.66
3.0583434645222956,0.8391775669525604,9,5.37
2.842852277355285,0.7982736513769603,9,5.35
3.0749214155599787,0.8944336450417089,9,4.89
2.943972479401276,0.7612240316986367,9,4.88
2.882753929471077,0.8284888949341533,9,4.86
2.92111726325782,0.9266929367112592,9,4.68
2.981676820311425,0.7920706713872859,9,4.92
2.9555882515240053,0.711722848913817,9,4.42
3.0742588531041606,0.8120788093624866,9,4.74
2.9761308602987633,0.689623571847794,9,4.98
2.8903387365266378,0.7969418090184786,9,4.64
2.9750889399569056,0.8355307158646459,9,4.71
3.054674696454264,0.8978890948759654,9,4.28
2.9278783136151274,0.9376627250900955,9,4.72
3.002878204303213,0.9690062326506471,9,4.87
2.945603475634404,0.9991603142761751,9,4.35
2.8905108100043955,0.9257818716027052,9,4.58
2.8960307096476514,0.9226077148799622,9,4.58
3.055462058702476,1.0060769530804057,9,4.59
3.005194288110274,1.0476685108716346,9,4.59
2.9324261853495854,0.9393349615695552,9,5.07
3.076256080838852,0.9001140358987691,9,4.83
2.80934005678424,0.992654243187253,9,4.93
2.90267707551112,0.8120352374866067,9,5.05
2.9021730263258454,0.8909768950638358,9,4.98
2.8813183951726264,0.7730500343581356,9,5.13
2.897708236183887,0.800954906006534,9,4.55
3.003606757239186,0.9233269144079118,9,4.72
3.1456763510518377,1.057196619710229,9,4.9
2.92452026797597,0.9101401410155276,9,4.75
2.893865277674882,0.7257449052513459,9,4.69
2.842498239562839,0.8966729275825326,9,4.46
2.9419762110618177,0.8150823068051655,9,4.64
2.8363983021117085,0.8266650788724672,9,4.68
2.958481231779211,0.9572265093599167,9,5.57
3.018800228933631,0.9660922892180361,9,5.06
2.8063659929614317,0.7871134092612031,9,4.87
2.997451269743753,0.7474782330319645,9,5.07
2.7659490741270787,0.854123649208721,9,4.56
3.036522160330135,0.8620438532378837,9,5.17
2.9180286152584,0.7137740990355669,9,4.67
2.78943974348857,0.9081497730410604,9,4.6
2.8416165308342234,0.8298192919951544,9,4.85
2.8167132172349705,0.6753498330001217,9,4.85
2.957399046317295,0.8904641890974151,9,5.0
2.6673598624675208,0.7592666985688392,9,5.07
2.8697469492988037,0.7713492285188601,9,4.74
2.7117039130863043,0.910738747263849,9,5.02
2.802675771231133,0.949349503954196,9,5.08
3.056716237872074,1.1205268962892376,9,5.07
2.9881514175666233,0.9269374458684804,9,5.14
2.9210420758672795,0.9903028063441092,9,4.55
2.9166097087132523,0.8940276902560749,9,4.79
2.944397912668433,0.8155606502788993,9,4.9
2.8528118023352342,0.7258370150542097,9,5.17
2.931267667577032,0.7522505181411688,9,5.35
3.1140961551285375,0.836540391508578,9,4.8
3.007600236798736,0.8897963206112514,9,4.61
2.9139936559875954,0.6921152561300078,9,4.93
3.1018675692343525,0.8513278631132728,9,5.42
3.202209547908839,1.2114661046028783,9,5.18
3.0795099899179226,1.0240347425036371,9,5.03
3.14066689107147,0.93004498203901,9,5.29
2.9076756204720273,0.7317646091784787,9,4.8
2.9232709203798932,0.7910850167417841,9,5.12
3.0375416425927715,0.8481301237906727,9,5.32
3.1644939869358173,0.9079053537754912,9,5.24
2.8349195537984593,0.7737316540938011,9,4.62
3.004248583991669,0.7516029847594035,9,5.23
3.210258553989369,1.2809836839298403,9,6.06
3.3800756877982283,1.5174338822721847,9,6.13
2.99793999274856,1.1007824353495528,9,6.26
3.1833744108954933,1.3879409693803577,9,5.75
3.0639202164345627,1.0601767793411851,9,5.27
3.0352866252704103,1.0238128465896634,9,5.66
3.099318319608563,0.9609915161846118,9,4.64
2.989271605122828,1.0243883355518264,9,5.06
3.2093568965944437,1.2136944861945544,9,4.89
3.068574257322116,1.2061672678949702,9,4.61
3.09933685804571,1.1045357057095138,9,5.27
3.191199368504173,1.2114522848683003,9,6.0
3.164252269407445,1.325591608980474,9,5.93
3.19622778823736,1.2519400827638696,9,5.93
3.194340250018547,1.2395663445313303,9,6.03
3.1087715086899417,1.3933384872082615,9,6.36
3.1628896456222657,1.422757117589029,9,5.98
3.346951059994426,1.3861834165120948,9,5.95
3.0884479341409685,1.2100146611589377,9,5.58
3.231493299190107,1.352619987945409,9,5.72
3.2607830643888414,1.1716262998276574,9,6.03
3.041906803556143,0.9564119313392846,9,5.64
3.1772028297169244,1.1686512874873567,9,6.33
3.0735715151476444,1.059219252697469,9,5.89
2.9462756440745066,1.040385994970738,9,5.79
3.0404499519855572,1.0055977909949916,9,5.54
3.156688872095191,1.1890879540782515,9,5.46
2.9856606863812436,0.8968468878886802,9,5.5
3.02091189390648,1.1099603013260577,9,5.68
3.097920079965485,1.1026294659815052,9,5.56
3.1497468505637003,0.8869371248815551,9,5.01
3.0716715648000967,0.839723908519819,9,5.05
3.0302756770346835,0.8566738232862516,9,4.87
3.025349412821992,1.0547656424939098,9,4.29
3.1468646496112958,0.968742399367622,9,5.42
3.189653926723511,0.9770122441678543,9,5.33
3.0808533265497484,0.7615909488362592,9,5.2
3.2720808666850796,1.104515607926621,9,4.97
3.103085817626103,1.108844254963129,9,4.51
3.065597857545288,1.0213668303069692,9,4.91
3.1385696754700803,1.0022239481611845,9,5.23
3.1343603419661137,0.948484036154541,9,4.99
3.2277946187723265,1.2145996387095395,9,4.79
3.0876466205361774,0.9984799405210942,9,5.03
3.1257846230163855,0.9401071600605011,9,4.93
3.116310652120873,0.8246787972771629,9,4.87
3.014444053999951,0.8100541116230818,9,5.11
2.9657568466585578,0.8763262759954897,9,4.55
3.335540854397346,1.200565605813602,9,4.62
3.24889472715787,1.2441144390590844,9,4.91
3.257682697846253,1.2685451992455534,9,5.15
3.061828626043853,0.951857428277482,9,4.71
3.1458852542990403,1.1983080063082012,9,5.56
3.1567632933863985,1.059877871387843,9,5.47
3.2164445986628536,1.221930096322733,9,5.32
3.1107966769374698,1.1780972127906926,9,4.78
3.156918684493724,1.0172174875794704,9,5.07
3.187536034142492,1.3918340276737418,9,5.58
3.0297080952709714,0.8662714163425961,9,4.97
3.1331162099485024,0.9736748941455781,9,5.3
3.0189288723355907,0.7616995197982803,9,5.26
3.1975431686981843,1.100604815863982,9,5.43
3.086250750564163,0.8443887948287985,9,5.03
2.942649141530234,0.8180493642083361,9,5.05
3.1466885772577324,1.1295406537495825,9,5.05
3.0022269973716966,0.7308037106926443,9,4.93
3.011871488033416,0.7955603485416394,9,4.98
2.954764556944016,0.6609742691036576,9,5.47
3.0681119405666206,0.9281672057139618,9,5.09
3.131236864084798,0.9226622097852323,9,5.12
3.04751158163672,0.945225022469987,9,4.63
3.0166924133285136,0.9237795709570427,9,4.72
3.0316293592469954,0.903772871769214,9,4.99
3.093114647722752,1.0052678805402748,9,4.69
2.957585977557434,0.6814756361379419,9,5.13
3.014527753618396,0.8080244492664441,9,4.59
3.10020452302908,0.9476387490659404,9,4.79
3.129171190963442,1.1348976416328942,9,4.76
3.12182790884428,1.037847463554898,9,5.23
2.9469331064942654,0.9430816194849513,9,4.5
2.991335787822483,0.9399490980756463,9,5.04
3.139723605709191,1.1524348720710123,9,4.6
2.9371224745624036,0.8625981844102342,9,4.58
3.059891425394265,0.8147313814959146,9,4.69
2.9527725163184004,0.7836611675566634,9,4.66
3.017190665697798,0.8592535535568087,9,4.9
3.1223312404708,0.9775447761019257,9,4.73
3.0989194137405756,0.9747279078689318,9,4.75
3.0387820562878467,0.935791346699467,9,5.02
3.245663972136188,1.0966992848312072,9,5.0
3.0547801834442856,0.8764216846461811,9,5.38
3.223462224900902,0.9821083013911268,9,5.01
3.219886801602747,1.0233547776446232,9,5.35
3.1184945104914825,0.9326891237377583,9,5.23
3.2335923105919377,1.047245292347992,9,4.68
3.0493198912023827,0.8721407015600879,9,4.88
3.1198802772511165,0.9961778138216787,9,4.7
3.0629813018492027,1.0462568551250857,9,4.81
2.9149794769475834,1.0034099352272152,9,4.37
3.15338049407021,1.036316784735031,9,4.41
3.121334909401411,1.059069537498439,9,4.62
3.050148532105891,0.9070948348834204,9,4.83
2.97870877497154,0.7763602007325296,9,5.02
3.0870420242444885,0.7784172707171395,9,5.01
3.139456992982807,0.8522316444617459,9,4.97
3.102864506780528,0.9612714005421934,9,4.79
3.038576069657061,0.9471341430055632,9,4.82
3.0064604199565155,0.8876185983346789,9,5.0
3.0784575743436147,0.8008236623530929,9,4.38
3.1357234829606173,0.9082422485311997,9,5.16
3.0732014399540595,1.0332405615175475,9,4.33
3.0435216881771447,0.819961376739888,9,4.57
3.1378852658095338,0.9115981871911186,9,4.83
3.037267615188484,0.8779046242092097,9,4.45
3.148297285543562,1.0480720325529607,9,4.24
3.1811757534350895,1.1662426599708065,9,4.79
3.224264966570631,1.099741426081929,9,4.66
3.3870433084249205,1.4388086126415762,9,4.98
3.2931244267374375,1.2780910188573746,9,4.47
3.3313673761902924,1.2795718432653174,9,4.62
3.1922414236710015,1.1148933457875656,9,5.08
3.1791411537340966,1.0134111868130986,9,4.94
3.0839679251458914,0.9337572166570525,9,4.48
3.015524490669313,0.8856278597787896,9,4.49
3.2437233097040084,1.1854041998435412,9,4.47
3.233149036285187,1.209440762015385,9,4.4
3.063121629325328,0.9580650340523671,9,4.86
3.0454530716903974,1.1588121115927126,9,4.44
3.218146662267116,1.1128786549697185,9,5.24
3.1451014149270176,1.0469849821285167,9,4.95
2.928746583890898,1.0125809599958742,9,4.94
3.2097549670270524,1.1044614004708697,9,4.84
3.0044760062945173,1.0946599741559657,9,4.58
3.011309363907653,0.9239787379518917,9,5.5
3.083624955207114,1.056993131438889,9,4.94
3.1305933542774236,1.022938888884189,9,4.67
3.0604257109828565,0.9666882319653071,9,4.69
3.0082718683344165,0.9085349700690775,9,4.32
3.124109019451676,1.1003924377993246,9,5.14
2.9486158219518224,0.8309941026199033,9,4.8
3.017218681800891,0.6275238200026527,9,4.75
2.9582059247515295,0.845940800370805,9,4.79
3.090990897373882,0.918439361864985,9,4.88
3.1578971341401845,0.9507732777611599,9,5.02
2.9873112578762577,0.8090830272788777,9,4.85
3.019770583435506,0.8411265644690902,9,4.76
3.042067456532133,0.9433389803306416,9,4.59
3.0396777731173277,0.9852124969688809,9,4.36
3.117736883239544,1.0311257401147642,9,4.89
3.12247786669523,1.0129857162772784,9,5.16
3.1547096959404883,1.0648556733586216,9,4.85
3.1216014433208294,0.9676108685582926,9,4.68
3.157389886333656,1.0953362598358725,9,4.96
3.103300191293372,1.0374526758946212,9,4.62
3.1626189310884727,1.0814663846510282,9,5.05
3.0147054757198566,0.8860271946347759,9,4.86
3.031905413021124,0.9956358282861353,9,4.62
3.016181977620044,1.0010167865479271,9,4.54
3.018895427836737,0.9279022383607429,9,4.82
3.078002884426112,1.2111242499866843,9,4.34
3.1307382886626,1.205589293151106,9,4.83
3.1784716216823856,1.2043896948239838,9,4.69
3.192192827135748,1.2617295258658485,9,4.4
3.0965762232762923,1.06554312250538,9,4.55
3.1110560467152006,1.0281616990416282,9,4.79
3.091076594282958,1.1000562927696758,9,4.63
3.0680515625095968,1.189836957940497,9,4.49
3.1371297748793654,1.1798726357872626,9,4.47
3.034694499576254,0.9236710395936918,9,4.85
3.088047263568024,0.9373046394123683,9,5.11
3.1458179309211123,1.112843697170422,9,4.56
2.9951167177420266,1.0217468373445884,9,4.57
3.1072495698946367,1.1285662466855924,9,4.4
3.071334199096386,1.0823241510046528,9,4.77
3.2190078831448075,1.2348309665302535,9,4.64
3.0640445088834327,1.0387022294872692,9,4.74
3.0134133285056204,1.0220754525253273,9,4.78
3.068830695896668,1.043967731711529,9,4.29
2.923184884392478,0.9130053690426937,9,4.65
3.0076420005499047,0.9300041720582585,9,4.41
3.0402139716043606,0.8071451370037696,9,5.07
3.0002260788532564,0.8380230706919753,9,4.66
3.198773213381942,0.988526083496902,9,4.92
3.14449293456997,0.889177115768861,9,5.04
3.08823557843013,0.8448748407284519,9,5.04
2.90205655929958,0.8302354330265794,9,4.92
2.988623590861518,0.8022597919242352,9,4.92
3.129312636218042,1.0257771989157816,9,4.67
3.100579779441734,0.9518188075592073,9,4.81
3.190607345584689,0.9465077140773224,9,4.73
3.112133881826273,0.935393433684567,9,4.87
3.217703920431746,1.2345491446298813,9,4.73
3.110415300653737,1.0534862070707354,9,4.67
3.0454940395570502,1.0271665051696826,9,5.01
3.2138986267824645,1.0422157788889013,9,4.73
3.173838815711003,1.0692560662921025,9,4.56
3.3032924381325612,1.0471341391756512,9,4.89
3.1216167112018,0.7055802825572708,9,5.21
3.1695024035878063,0.9588982931346058,9,5.6
2.8829960113665165,0.7828972981193419,9,4.83
3.018150967652676,0.8503247457976363,9,5.19
3.060797743197669,1.036518094682827,9,5.68
2.9303850649569982,0.7937185321295419,9,5.16
3.1728463436951633,1.1944499702925107,9,4.96
3.024587287644812,0.9214046857659859,9,5.26
3.196917660056825,1.0414719715586063,9,4.83
3.0646461221933596,0.8593194726302423,9,5.15
3.183964712100458,1.0140051993580839,9,5.09
3.257591723664675,1.1273234910629073,9,5.23
3.2661842425989325,1.0912268383908768,9,5.35
3.205932670381013,1.0189149331285325,9,5.81
3.2115928902940873,1.175980201666492,9,5.3
3.2967772351676503,1.1939945716256541,9,5.23
3.175802877521701,1.0612715550361072,9,5.44
3.188727546990555,1.0734806323772486,9,4.84
3.09660839320164,1.0747623983702774,9,5.27
3.2184800386655628,1.043906860934404,9,5.22
3.187635005096629,1.215052350978609,9,5.26
3.401799082954824,1.2813906619563535,9,5.13
3.2375369069308166,1.1733027924925374,9,5.06
3.265233779192552,1.2658105821136998,9,5.06
3.323983542173928,1.257252344144067,9,5.67
3.1681551611236527,1.0590528069864429,9,5.64
3.2321115913370835,1.095490792839273,9,4.95
2.964661542696794,1.2019829591744724,9,4.96
3.2708602252141983,1.3787093901900944,9,5.33
2.9861909525081667,0.869485363942456,9,4.57
3.154199826711054,1.260593267463063,9,4.73
2.971818289111901,0.9545675264957676,9,5.14
3.188896214568885,1.1643773323686641,9,4.91
3.0920425360033112,0.7966265312136402,9,4.92
3.144051215662843,0.9482819461276439,9,4.84
2.967359809465424,0.8363234002051553,9,4.91
3.198172600976382,1.1981202690474957,9,5.05
3.09468807180671,1.0519148631997501,9,4.57
3.1269305737981163,1.0696646703755464,9,4.89
2.9574591812659703,0.6914341085996206,9,5.07
2.95157203190257,0.8211707576609083,9,4.66
3.016799879116332,0.8973737232569033,9,4.75
3.0375815813754645,0.9553788805792753,9,4.71
3.1063454441877383,1.0518189631157602,9,4.51
3.2939179108481307,1.1411241514940391,9,4.34
3.1618037267560624,1.053063106186026,9,4.35
3.132963967759528,1.0363229676085892,9,4.98
3.081399903793592,0.9766194183394444,9,4.64
3.1823941481750015,1.046720713825518,9,4.13
3.114074935839791,1.019793861325273,9,4.82
3.130513975629195,1.1521711643787749,9,4.11
3.1173690286900957,1.0776645467388914,9,4.76
3.0562185613119928,1.0700844806187668,9,4.44
3.0331448140311603,0.9955094599496342,9,4.63
3.177917262235099,1.0176769083053028,9,4.6
3.0208959369570763,0.922808394065833,9,4.55
3.109479024808964,1.107922174212536,9,4.61
3.022588019270736,0.9556132448089224,9,4.81
3.0679347285651155,0.8015496916671684,9,4.98
3.2005767729151047,1.0565420594634363,9,5.26
3.1617323532898842,1.1991389515993667,9,5.1
3.1556650528216323,1.3171435009617507,9,5.09
3.225131314793326,1.2351245834172986,9,4.86
3.2852561872811603,1.258409545477347,9,4.91
3.3133783159305126,1.2710049744944851,9,4.88
3.2896727317469874,1.3173405850981943,9,5.51
3.115881698869516,1.0892726651220888,9,4.71
3.197074918148628,1.24003223943031,9,4.75
3.211676540322343,1.220471569272562,9,4.98
3.0877233676439055,1.1023463635231059,9,5.08
3.174939466412463,1.2387486162810564,9,5.28
3.088448891022713,1.0384798999171188,9,4.79
3.155415345031542,1.1234952938175484,9,4.78
3.1432362065719204,1.2294328907424579,9,4.74
3.172665006363335,1.275463427740318,9,5.06
3.1559308027861785,1.1633767704254458,9,5.05
3.0070326846031348,1.1481252921295368,9,4.86
3.08110167916249,1.2341193514124607,9,5.27
3.113403256513177,1.3548682930093727,9,5.33
3.2174056726570943,1.369844636940157,9,5.83
3.070471561616998,1.0716872785511258,9,5.4
2.9815755381729416,0.9981062290442512,9,5.37
2.937861537789825,1.0012260896713556,9,4.6
3.06003234032618,0.9823620470367033,9,4.65
3.057404101107797,0.9224890381441004,9,4.73
3.1100846451877415,0.9755697002870538,9,5.14
3.057005754549786,1.0511100395841808,9,5.03
3.1008477943125885,0.9191962204278369,9,4.86
2.9859423337245232,0.8335292816784701,9,5.24
3.089158145905961,1.0117918222064957,9,5.36
3.2259362942515764,1.0160843938659856,9,5.36
3.0670180633652535,0.9498095266826764,9,5.06
3.068410460483199,1.0153931428798397,9,5.49
3.0370728552951936,0.9269932386501512,9,5.11
2.983650853405765,0.8753363833383668,9,5.14
3.2247482860653305,1.0963531657888848,9,4.54
3.0758523482291316,0.9902206088459476,9,4.91
3.119642456440464,1.0723865496172205,9,4.52
3.129034734732128,1.112018904317335,9,4.44
3.0560277541802,0.9514674688359903,9,4.32
2.987640248308843,0.819149644814124,9,4.75
3.105856518909105,1.0727565846287397,9,5.03
3.0786152677910406,1.013624355515262,9,5.47
3.092644874023387,1.047217329492646,9,5.14
3.0781773078706967,0.9404639903623938,9,5.03
3.1485146082326594,1.131149925755946,9,4.95
2.9403870769714406,0.7907470591192467,9,5.39
3.081586440646612,0.7933938307594749,9,4.88
3.0616724798510813,0.9909309711044418,9,5.01
3.0870758667191014,0.9818338764698251,9,4.92
3.100716672075014,0.9643679949785549,9,5.2
2.8612415802632447,0.7640318091076328,9,4.94
2.900335944302187,0.8347401136357796,9,4.86
3.018129501841837,1.024228106882305,9,4.94
3.0466306721158043,0.9884761125272872,9,4.77
3.039917461732538,0.943732670146479,9,4.71
3.189063172666285,1.0856184488817207,9,5.32
3.008836345102089,0.9138094866644845,9,4.97
3.003373834689428,0.8732328121407122,9,5.08
2.896737600953246,0.8942720342817542,9,5.08
2.961370717824029,0.8168474959662756,9,5.09
3.0183295458618717,0.974758287296688,9,4.71
2.88343136229928,0.8263529381853821,9,5.33
2.9236505778083437,0.9779308185792955,9,5.48
3.019319637694644,0.9236199653734547,9,5.26
3.0915965396134424,1.051592748301359,9,5.78
3.0625458572985758,0.9276516452734715,9,5.55
2.99859576147336,0.8834195307770089,9,5.29
2.9252064979739782,0.9859492634507419,9,5.74
2.89979514454572,0.919312691422398,9,5.39
2.974580597113233,0.7806644257903181,9,5.18
2.8676856392822034,0.8231590594776166,9,5.1
2.920577928597398,0.8469446970851714,9,4.95
3.0335440608575905,0.9451400443365539,9,4.64
2.9676618866707893,0.7448712577209116,9,5.24
2.8040855140270446,0.9749656739004041,9,5.11
2.8391208896182127,0.8774326468757905,9,4.98
2.7695420236882105,0.8192843197127898,9,5.16
2.9839327466520262,0.8808140129866583,9,5.1
2.93407129947481,0.9598135608132602,9,5.27
2.8422698608513532,1.1562138979125562,9,5.05
2.972828666985411,0.9912705366529386,9,5.07
2.7527164405404716,0.7512706994448695,9,5.32
3.0095111351122625,0.9277776852695401,9,5.45
3.06465250784952,0.8579321707355215,9,5.4
2.8631723398706383,0.8894302249182993,9,5.07
2.855584713931521,0.7631143826911291,9,5.35
2.7682057997997447,0.8864859659987523,9,4.89
2.808590514562803,0.8319978855658783,9,4.89
2.9563996709252347,0.9441203535032161,9,5.09
3.0361097542407225,1.0911326919267612,9,5.38
2.8891431789419513,0.8156410196920101,9,4.91
2.906724521768763,0.8641615397745901,9,4.83
2.853872175961332,0.8145515355669232,9,5.21
3.072674178468192,1.0590479235122898,9,4.79
2.7517278006721497,0.8713879335609666,9,5.01
2.7968287047408076,0.8746289712099893,9,5.56
2.9393740911706847,0.8264923014221712,9,5.18
2.837151931935814,1.0728081098284385,9,5.04
2.9671238478287476,1.0619828266357052,9,4.85
2.819475312378617,0.8827711635360442,9,4.76
2.8546402852092063,1.0371417968935797,9,5.26
2.837463259222275,0.924020592244488,9,4.95
2.73156971982383,0.9859427092757997,9,5.0
2.8902144016675426,0.8705844897917727,9,5.3
2.792085196479424,0.8280564562815821,9,4.72
2.691812801669348,0.7941673555550857,9,5.2
2.840288697046367,0.8090897680152522,9,5.12
2.851655045992007,1.0991927002960726,9,5.57
2.7912539993846575,1.0204042217987035,9,4.79
2.763041970911595,1.090291798231336,9,5.08
2.8700273439550927,0.9737680030974845,9,5.11
2.7966043237496283,1.0773989246783366,9,5.54
2.967464902639743,1.097582252773495,9,5.61
2.817427447932404,1.1575738729099565,9,5.53
2.8740530236427126,1.2039592196282642,9,5.16
2.7786988214963007,1.3357390897638886,9,5.21
2.9676499878566784,1.3185846670385082,9,5.32
2.8577293599240896,1.3827682217103907,9,5.3
3.1894163411339105,1.5805618310204863,9,5.62
2.875571136783599,1.4033119314516058,9,5.58
2.763157570674356,1.2932626274004535,9,4.99
2.6522739109145252,1.256467864154076,9,5.38
2.9604961787886843,1.3273180503656619,9,5.7
3.1822007855524266,1.6214836658986929,9,5.85
3.135426127551455,1.375615269892918,9,6.0
2.9763300872757257,1.6999782495614693,9,6.09
2.955670211803754,1.3278823709272056,9,5.57
2.878466320864434,1.3484862837937173,9,4.78
2.8449369616510887,1.2740982767052178,9,5.68
3.0381811213943157,1.292962095707633,9,5.4
2.9300564859849336,1.0763224669166989,9,4.85
3.1288508404885156,1.4396709373523837,9,5.57
3.052574172227401,1.401104869426205,9,5.19
2.9145897074138247,1.5054353696474505,9,5.05
3.159174554976175,1.2891246653089226,9,4.97
3.072827179788128,1.1888017593702411,9,5.09
3.2469088318303685,1.3963120309577641,9,5.72
3.0842856622505535,1.199295613446279,9,4.95
2.930391187797075,1.155459356127622,9,5.21
2.925648210123312,1.0416675848143082,9,5.05
2.9163903396154183,1.1019293492311204,9,5.22
3.0266941912572527,1.375029544386501,9,5.33
2.9080952370295186,1.2009774619474596,9,5.2
2.809901050972886,1.2047917802115322,9,5.5
2.990592782266218,1.3194447097240674,9,5.88
2.9227883998097686,1.270975201405741,9,5.67
2.7565724963569753,1.1868756000079437,9,5.34
3.131321323211716,1.2357171395043343,9,5.83
3.0731875703694165,1.1600618895529549,9,5.32
3.0503602653185253,1.221831550907713,9,5.49
3.047750631264332,1.2204407265844124,9,5.34
2.844647987396636,1.362811017630372,9,5.17
2.9301352573766293,1.308446197182572,9,5.23
3.1301491802817036,1.2743387222331175,9,5.28
3.0315629631890015,1.0860296759419612,9,4.94
3.1491815364486215,1.420060269251679,9,5.42
2.9767457774178347,1.2844648853499332,9,5.35
3.1396793149602935,1.0992951454747704,9,5.3
3.011799190310965,1.117362474890272,9,5.54
2.844132737484542,1.2096725559293549,9,5.32
2.9240534977694153,0.9217551166539137,9,4.99
2.9066636859847095,0.9657022578040578,9,5.6
2.9190736168903477,1.1218411864699487,9,5.28
2.931329701826816,1.0028221606129288,9,5.38
3.12250104681389,1.0982553090688902,9,5.49
2.888601637440943,0.9956603139768302,9,5.36
2.82527295011327,0.9262108195189758,9,5.06
2.839669937100848,0.6810979631328536,9,5.07
2.853591164865735,0.8599993499035005,9,5.63
2.972666590020624,0.8968730680852107,9,5.45
3.030088341188527,0.9160585324662223,9,5.12
2.885853113989183,1.0327648631439539,9,4.96
3.0611013349475176,1.0013817271292025,9,4.6
3.040035612352873,0.8966536088846141,9,4.99
2.9920236357110324,1.0650081911302427,9,4.75
3.021769489653705,1.0970460560556308,9,4.36
2.908798155189108,0.7932436784868726,9,4.87
2.9188378585746007,0.7948575138137685,9,4.95
2.803986924918424,1.0234888485644382,9,5.35
2.9725072280099467,0.9893254632424409,9,4.91
2.771146261158084,0.8412852943249689,9,4.81
3.014842797983776,0.9750501797793392,9,4.68
2.867362028429946,0.848487398948107,9,4.82
2.9601997313555213,0.9179429395235964,9,5.25
3.068973122531357,0.8894005554142276,9,4.91
2.791681173170901,0.7524748103740441,9,4.99
2.9166423152061913,0.8874386256632659,9,4.95
2.9367896054230203,0.875289964186744,9,5.06
2.973734335273789,1.0704388777235654,9,5.05
2.8354680483386274,0.9917652879553733,9,5.01
2.977570757508879,1.0736130115001281,9,5.12
2.9296621303438033,0.9692122864891082,9,5.03
3.084551872604535,1.160692117914118,9,4.79
3.108775477563937,1.0379088083635553,9,5.51
2.973711022182767,0.811336565529141,9,5.25
2.997930209741421,0.8657660464202256,9,5.23
2.998895493401771,0.7724830497591048,9,5.47
2.8004739761920887,0.9994865030253763,9,5.32
2.90949591442774,1.0009634577014264,9,4.95
3.0695231457647885,1.030313369048721,9,5.27
2.9836755557011543,1.1035256264842428,9,4.75
2.961971489351821,1.0106527738804119,9,5.32
2.889541832189169,0.7053892085677359,9,5.07
2.9933266731004076,1.0152614774298159,9,5.0
2.9040901487378497,0.8535775850683309,9,5.05
2.859692697256016,0.8117400647747997,9,4.97
2.9559640766990167,0.874884974313676,9,5.3
3.0414434004223136,0.8882138380821328,9,5.11
2.8488168932984173,0.8255541617421113,9,4.99
2.9176104311724815,0.8691728130348704,9,5.28
2.968174601270284,0.9189258120419819,9,4.87
3.0152359630587875,0.9903558227064415,9,5.37
3.0562029380469458,0.9559368953642046,9,5.35
2.9426347211917885,0.9637343701411244,9,5.19
2.8883915547151924,0.6424444175461036,9,4.98
3.053815818611021,0.676367300871156,9,5.01
3.01311946678042,0.7990649127225962,9,5.11
2.955888595276026,1.0810582491829661,9,5.22
2.8851339568601406,1.056307143097584,9,5.1
3.0832350084445763,1.1535380286796852,9,5.3
3.074397778893417,1.2311173804560305,9,5.36
3.0690859710176013,1.002771312486548,9,5.18
2.9277503515099217,1.0363811177137419,9,5.0
3.088644330489644,1.0133068521308402,9,4.96
3.1673896050286956,1.2914635386286268,9,5.28
3.323048199606794,1.2907746118734782,9,5.05
3.0654647378972366,1.1727744147308445,9,5.05
3.1392357220814953,0.9726829360077122,9,4.79
3.078557425697923,1.1273167124582495,9,5.14
3.1448936092084585,0.9892266312595955,9,5.55
3.150467448785398,0.9831075459411351,9,5.11
2.969644162612924,1.0238753153242628,9,5.11
3.1124506952963205,0.9123778804787526,9,5.87
2.9797686630105784,0.9499290429343306,9,5.55
3.0305523483674226,1.0061887288796514,9,4.87
3.1375042797305723,1.0454430048902144,9,4.99
3.066376991716159,1.0327203047746965,9,5.48
3.0003936613896016,1.0281228755023109,9,5.44
2.9146929655402367,0.9767963743201837,9,5.13
2.874606742512747,0.7810964584701335,9,5.19
2.7960099067443056,0.8088275977712829,9,4.91
2.9933849602690943,1.0356945475053485,9,5.06
2.9400594367183013,1.020732837052144,9,5.19
2.9348759407106337,0.775237355434222,9,4.89
2.849606490052597,0.8482707492763479,9,5.33
2.9207649848854813,1.0498612071446456,9,5.07
2.97128423852268,1.0781711477230047,9,5.0
3.098040087448841,0.8626932776057789,9,5.42
3.0776320672103776,0.9213872624499403,9,5.51
2.9553996664825215,0.9404267874109994,9,5.0
2.8261919671517717,1.116480524726305,9,5.19
3.028543614913285,0.9587612740405873,9,5.27
3.043435625729033,0.8071253188919295,9,5.47
2.953399168612134,0.7707052195633214,9,5.5
3.0801477902415852,1.0017108743271876,9,5.51
2.949755155553742,0.8055880119549023,9,5.02
2.9365811062229965,0.9350329159659521,9,5.42
2.842551867347428,0.7859029682586944,9,4.79
2.8594679395340723,0.6760309246128015,9,4.95
2.9302567746621575,0.78302835481873,9,5.29
2.9422613412388827,0.9877286506842831,9,5.19
3.0419208600465395,0.9263880770461204,9,5.02
2.918103175134923,0.7988061582849144,9,5.12
2.89538275995346,0.9382701958364756,9,5.15
2.840755857280191,0.742754301319615,9,5.23
2.991432494719531,1.000570437901747,9,4.87
2.9157896435703887,0.9311257113605456,9,5.12
3.052852920036351,0.921343964132689,9,5.12
3.007265216875899,0.7938646109166657,9,5.32
3.012352979915069,0.7968539194038393,9,5.22
2.963609252488989,0.774402784063657,9,5.09
2.9006682086886437,0.6898987916375642,9,5.34
3.026279272632763,0.7585254331210464,9,5.34
2.8554483656366,0.9362228630097885,9,5.63
2.8811782335426077,0.8784028096968239,9,5.59
3.0361233108442427,0.8682863051093691,9,5.28
2.9708987965086555,0.8227517079624141,9,5.67
2.919628146242538,0.8197297165166698,9,5.27
2.8354630857025893,0.9155848528020861,9,5.34
2.9857857134167256,0.776541784684656,9,5.43
2.9999378528384257,0.9069839368682568,9,5.46
2.9511134849333356,1.0352481554541513,9,5.22
3.0243516204173586,0.912765356999467,9,5.33
2.9393472601215787,0.7154990011940519,9,5.01
2.9448447278046146,0.8022534912277575,9,5.26
3.0040177838400743,0.7475599061795167,9,4.69
2.8576307153990617,0.9282583909215488,9,4.5
2.963092334375615,1.0685848836676637,9,4.48
2.9160504576960853,0.837225441090868,9,5.3
2.9549920987052642,0.9202479355728281,9,5.19
2.98941885670264,1.1650370150377185,9,5.06
3.088198346344795,1.0452048790162314,9,5.17
3.054704662095001,0.9657065277907005,9,5.21
2.9490600836419696,0.9627953096376953,9,5.08
3.082953790540292,0.9891389865089654,9,5.05
3.0714258032163566,0.8195626257986965,9,5.45
2.965084991045156,0.8470017777050783,9,5.11
2.8520425069570656,0.7685335819496476,9,5.26
2.9717231277817815,0.9112193820506355,9,4.74
2.9490441920224773,0.8633282383861978,9,4.88
3.1047943864439733,0.9346428830366127,9,5.08
2.945650885417537,0.8689251229298361,9,4.94
2.9148755117415663,0.7101610449859316,9,4.98
2.9197905615054425,0.8714911373957995,9,4.72
3.016419416851317,0.8491743824732342,9,5.07
3.060734005424107,0.8131828986867483,9,5.0
3.044549243950607,0.8746994032424141,9,5.17
3.071568118809827,0.9344745958329226,9,4.91
3.127930041563499,1.0462540316714728,9,5.12
2.8643304781890038,0.8351224458179795,9,4.93
2.9620673468379386,0.7449092442564581,9,5.15
3.0520254695364577,0.9373883898713075,9,5.26
3.026010386905115,0.7179069796566241,9,4.97
3.0412006667609988,0.8641354763874184,9,4.71
2.7667594412714354,0.9146084615791195,9,4.78
