frame,time_ns,toGIG,toDRG
0,0.0,0.5219670583733467,3.0000347148143254
1,0.05005005005005005,0.5104347436037198,3.037211315448309
2,0.1001001001001001,0.577967322454698,3.121006891975878
3,0.15015015015015015,0.6482207763955623,3.171774641782066
4,0.2002002002002002,0.5601376039999864,3.1862278293599653
5,0.2502502502502503,0.36941712647011243,3.007810633366306
6,0.3003003003003003,0.5078310248464294,3.004719809483408
7,0.3503503503503504,0.4103007948368777,3.0554069149379477
8,0.4004004004004004,0.7107148438537062,3.173164657440023
9,0.45045045045045046,0.6930236399747975,3.1307504146690337
10,0.5005005005005005,0.5778084275679465,3.038747079717652
11,0.5505505505505506,0.6711667457935134,3.103267139217237
12,0.6006006006006006,0.5858842825517785,2.9894043433186117
13,0.6506506506506506,0.5073643267922663,2.94526792600192
14,0.7007007007007008,0.5158833583852825,2.880515862521314
15,0.7507507507507508,0.5104283984244622,3.0269946672752175
16,0.8008008008008008,0.40641541004418746,2.951299519294152
17,0.8508508508508509,0.6281980788628054,2.845754507785049
18,0.9009009009009009,0.5985286010951338,3.164149016831466
19,0.9509509509509511,0.5583394223691053,2.879429718569859
20,1.001001001001001,0.6083534745625201,2.962687305406196
21,1.0510510510510511,0.49275223724331474,3.053525076048599
22,1.1011011011011012,0.5617243825553899,3.094110145446662
23,1.1511511511511512,0.52565930448586,3.1005265199226817
24,1.2012012012012012,0.7190232229551783,3.1527808336430505
25,1.2512512512512513,0.6987511590370397,2.958464921104527
26,1.3013013013013013,0.4794731099811554,3.053089687835434
27,1.3513513513513515,0.5800986407913831,2.979327152333741
28,1.4014014014014016,0.4680841420322604,2.9230802467022485
29,1.4514514514514516,0.6591346332981414,2.9826979351710174
30,1.5015015015015016,0.5111125284618787,3.0721108237756827
31,1.5515515515515517,0.684135533001032,2.8958099166134317
32,1.6016016016016017,0.6062093242282764,3.097186418831025
33,1.6516516516516517,0.4588335680614179,3.0641896554903503
34,1.7017017017017018,0.730478494336464,2.795100524389947
35,1.7517517517517518,0.6286833902838925,3.0631167600039233
36,1.8018018018018018,0.44191764359869495,2.93852787663234
37,1.8518518518518519,0.4492874651538776,2.84828911959738
38,1.9019019019019021,0.6348878425587711,3.026393132368796
39,1.9519519519519521,0.5680969475042161,2.8746764645688105
40,2.002002002002002,0.5431363179116028,2.8508389954243127
41,2.052052052052052,0.6098075576590632,2.9617584478218735
42,2.1021021021021022,0.5838556242627447,3.0157023823783984
43,2.1521521521521523,0.7233443986116023,2.923114595794894
44,2.2022022022022023,0.8010905083098137,2.8120938313038715
45,2.2522522522522523,0.771900263377733,2.973366853770345
46,2.3023023023023024,0.5463740844560072,2.9555350541242413
47,2.3523523523523524,0.5849672918723053,2.9794494440292834
48,2.4024024024024024,0.7059789263021685,2.849650854321202
49,2.4524524524524525,0.690170022944376,2.8672509675463536
50,2.5025025025025025,0.5690976004245188,2.8987181411958165
51,2.5525525525525525,0.6219897947833277,2.9446566419960063
52,2.6026026026026026,0.6785551549388964,2.8686100791598244
53,2.6526526526526526,0.57574963798281,3.0517537848601206
54,2.702702702702703,0.6799768164221023,3.0680712861579895
55,2.752752752752753,0.4734311320334031,2.950582598765207
56,2.802802802802803,0.4692983642372191,2.8142917142795536
57,2.852852852852853,0.4484026849292925,2.8835294357129
58,2.902902902902903,0.46113999123186217,2.8969984665155986
59,2.9529529529529532,0.574153889209734,3.010269405139052
60,3.0030030030030033,0.6228952699152563,3.061480224480561
61,3.0530530530530533,0.535378506303907,2.9981973353989706
62,3.1031031031031033,0.4737062611503681,3.0923302383429747
63,3.1531531531531534,0.47653498796938104,2.891704759829031
64,3.2032032032032034,0.4938736245580746,2.903779653380553
65,3.2532532532532534,0.6672856759072564,2.9843011972539686
66,3.3033033033033035,0.48837390802112024,2.861901692019867
67,3.3533533533533535,0.5831606766093576,2.8941011228962767
68,3.4034034034034035,0.7039123361773688,3.155419563244989
69,3.4534534534534536,0.715312106655531,2.9124389631797416
70,3.5035035035035036,0.8479272857218781,2.923427555190356
71,3.5535535535535536,0.44772897554413676,2.9550497159962243
72,3.6036036036036037,0.8460253697810327,2.8438146506966757
73,3.6536536536536537,0.7620414223582803,2.9443251424877035
74,3.7037037037037037,0.7145610978014815,2.9101290763342083
75,3.753753753753754,0.5455803664187077,2.947342360086109
76,3.8038038038038042,0.7424608559260544,2.9356364914102877
77,3.8538538538538543,0.6641237789686345,2.962086344507375
78,3.9039039039039043,0.5482244717590293,2.959886735089701
79,3.9539539539539543,0.7801968139553201,2.9926810354127826
80,4.004004004004004,0.7812767468480928,2.935023742821054
81,4.054054054054054,0.9179323110679214,2.995076896678698
82,4.104104104104104,0.42664397161133244,2.992528762725976
83,4.1541541541541545,0.7494319220343177,3.00130011663849
84,4.2042042042042045,0.8261356921564469,3.100191055272194
85,4.2542542542542545,0.704979387563054,2.886033916415929
86,4.3043043043043046,0.8969344886769042,2.980971641772218
87,4.354354354354355,0.7064288315135827,2.8862026831033383
88,4.404404404404405,0.7151371028790204,2.93260414671423
89,4.454454454454455,0.8283640011908898,2.9457127291320786
90,4.504504504504505,0.7040859203197348,2.9089681173931834
91,4.554554554554555,0.7581642679511715,2.8620251859324073
92,4.604604604604605,0.5694809608289554,2.8663084988085186
93,4.654654654654655,0.5361698885378241,2.8965882171746973
94,4.704704704704705,0.62100256761025,2.8572662255351804
95,4.754754754754755,0.6371313585560894,2.9009404572078927
96,4.804804804804805,0.6602121563437003,2.975172571394969
97,4.854854854854855,0.8289503532245223,2.945193562237089
98,4.904904904904905,0.4527091654094881,2.9601289808668083
99,4.954954954954955,0.658540683336758,2.9079661732904416
100,5.005005005005005,0.8397587631945969,2.9202730600342814
101,5.055055055055055,0.5592455508477459,3.0488680735488005
102,5.105105105105105,0.8060914912162642,2.893313552382463
103,5.155155155155155,0.6752225093970475,2.8711021588331933
104,5.205205205205205,1.0769388696044213,2.950712190438884
105,5.255255255255255,0.751787902609804,2.974689788537392
106,5.305305305305305,0.6957030146476437,2.894623274264264
107,5.355355355355356,0.5295249265242807,2.8763077253119507
108,5.405405405405406,0.9127695026636589,2.86976804144334
109,5.455455455455456,0.7745436349736986,2.875501717813096
110,5.505505505505506,0.8092954888822649,2.9727304644796035
111,5.555555555555556,0.8420969894655382,2.8954429249677918
112,5.605605605605606,0.5076870823359076,2.870449250526613
113,5.655655655655656,0.6355820665826275,2.9006301465782744
114,5.705705705705706,0.7948858191074841,3.03162069430771
115,5.755755755755756,0.7449299964439611,2.8110477042061026
116,5.805805805805806,0.8405867346585971,2.856906553793502
117,5.855855855855856,0.6602122464076748,2.836588936004711
118,5.9059059059059065,0.5589843730254954,3.0265393504205744
119,5.9559559559559565,0.955151172822321,2.889220621060873
120,6.0060060060060065,0.8075117382095555,2.8727571538919863
121,6.056056056056057,0.6443882821399888,2.875369913151563
122,6.106106106106107,0.6649376658419697,2.7691781023154824
123,6.156156156156157,0.8203344996882345,2.899520752106345
124,6.206206206206207,0.8733743845432773,3.0061341068289447
125,6.256256256256257,0.7672774891955458,2.954469832523055
126,6.306306306306307,0.5535459448163684,2.8645869657555183
127,6.356356356356357,0.5380174435603554,2.928638740171015
128,6.406406406406407,0.5518111582945501,2.9312634747719226
129,6.456456456456457,0.566172444714108,2.9869222075303954
130,6.506506506506507,0.6362639937014369,3.0565533970819336
131,6.556556556556557,0.635237352294675,2.8703314530221253
132,6.606606606606607,0.4364317533866775,2.947656147043134
133,6.656656656656657,0.36800321845594863,2.9849326384301342
134,6.706706706706707,0.6007692843708641,3.012684707079769
135,6.756756756756757,0.44238612154536766,2.9338228140926015
136,6.806806806806807,0.5548638919714248,3.0832241645735725
137,6.856856856856857,0.5299268988539547,2.962765155597813
138,6.906906906906907,0.6753570081835829,3.0407296317056383
139,6.956956956956957,0.6420953038469738,2.9579395149626557
140,7.007007007007007,0.7010839995336706,2.9257892300578687
141,7.057057057057057,0.5393263578082307,3.0426153095315707
142,7.107107107107107,0.37631473980206137,2.8970475365413675
143,7.157157157157157,0.39271603857717546,2.988293333565796
144,7.207207207207207,0.6071545294908176,2.945154039379737
145,7.257257257257257,0.5596795977097693,3.0523933615343712
146,7.307307307307307,0.5165051927022424,3.0374682025157322
147,7.357357357357357,0.7508242102823344,3.070826780928683
148,7.407407407407407,0.5707619175946953,2.879843695080578
149,7.4574574574574575,0.6448573063737748,2.9317969613341712
150,7.507507507507508,0.565070639521756,2.990536439104479
151,7.557557557557558,0.48360552563871345,2.9232490253859043
152,7.6076076076076085,0.5628123099482506,2.9314987728605892
153,7.6576576576576585,0.5767850255958124,2.9707384364366765
154,7.7077077077077085,0.7692407395070862,2.950474034679851
155,7.7577577577577586,0.5356147364233259,2.9077966148264087
156,7.807807807807809,0.5332054505849663,2.874941529765736
157,7.857857857857859,0.533414404671371,2.8641014134388847
158,7.907907907907909,0.606785098188773,2.941208342273699
159,7.957957957957959,0.7505513860671215,2.9221461593714495
160,8.008008008008009,0.6671547083674588,2.9423818483570283
161,8.058058058058059,0.8688426458800556,2.853027855204691
162,8.108108108108109,0.8649809411023053,2.864821776305607
163,8.158158158158159,0.7787927710694864,2.8649758315815177
164,8.208208208208209,0.678451697564396,2.8879383508126053
165,8.258258258258259,0.8321213039302131,2.7331874418694992
166,8.308308308308309,0.6806892726178938,2.753486368077731
167,8.358358358358359,0.811981395675067,2.7902222212768857
168,8.408408408408409,0.8796289781674465,2.8464566091232273
169,8.458458458458459,0.8632056972578157,2.844495449239221
170,8.508508508508509,0.8091640020037649,2.7118845087800785
171,8.558558558558559,0.6694283017957781,2.8751231885448445
172,8.608608608608609,0.8599978759604907,2.922089343941592
173,8.65865865865866,0.941478199053735,2.8858612821821916
174,8.70870870870871,0.6232852047499481,2.859899693397696
175,8.75875875875876,0.7282529157697368,2.835571485099604
176,8.80880880880881,0.7062866485289009,2.78101458346734
177,8.85885885885886,0.617666635590088,2.8759020596589187
178,8.90890890890891,0.5102852032397578,2.845230306150337
179,8.95895895895896,0.683478545079506,2.778041733481442
180,9.00900900900901,0.4673158043001677,2.8836494317940105
181,9.05905905905906,0.6370294588425405,2.8274313499160866
182,9.10910910910911,0.5414063125280857,2.8395879777136406
183,9.15915915915916,0.5891214742937758,2.854007056735576
184,9.20920920920921,0.5961221136419924,2.850025206898424
185,9.25925925925926,0.5735121768620586,2.9025619982563478
186,9.30930930930931,0.7377276440808878,2.938310348851437
187,9.35935935935936,0.7466586446885299,2.984303351661385
188,9.40940940940941,0.7214787478000331,2.919856327866992
189,9.45945945945946,0.6480686486473325,2.876771851651131
190,9.50950950950951,0.6325086453314516,2.870890975943724
191,9.55955955955956,0.5999448868411402,2.9235991039779075
192,9.60960960960961,0.8685510751901745,2.763176022749038
193,9.65965965965966,0.8217193859813231,2.8793395038114458
194,9.70970970970971,0.779190295583462,2.822272423565345
195,9.75975975975976,0.6523247183484209,2.894137233981951
196,9.80980980980981,0.6610376026200622,2.972359443995678
197,9.85985985985986,0.6219109649967018,2.937348434142488
198,9.90990990990991,0.6317688855780013,2.8956075282925298
199,9.95995995995996,0.6385444045034618,2.7979933775685084
200,10.01001001001001,0.4642759048094359,2.795333434837358
201,10.06006006006006,0.4388681705590344,2.7942381420037643
202,10.11011011011011,0.6476234349676302,2.936851069767749
203,10.16016016016016,0.5567296207666045,2.8852472753816545
204,10.21021021021021,0.5529881314252242,2.859901271371371
205,10.26026026026026,0.5502877618434455,2.8578641919488703
206,10.31031031031031,0.6444470325713506,2.9444124754475176
207,10.36036036036036,0.5782470309185748,2.945183673592377
208,10.41041041041041,0.5871731771368279,2.9271619361152426
209,10.46046046046046,0.9443114860395425,2.9315422601646173
210,10.51051051051051,0.6754838554853609,2.868545144953508
211,10.56056056056056,0.780149570537518,2.954232216861179
212,10.61061061061061,0.719449674601204,3.0044299659527063
213,10.66066066066066,0.621819574421694,3.0083674884784757
214,10.710710710710712,0.6596612841575928,2.896929111216964
215,10.760760760760762,0.6603143885606343,2.9092476314002518
216,10.810810810810812,0.9207932177809157,2.8980575365672068
217,10.860860860860862,0.6381849745905471,2.9059353043039207
218,10.910910910910912,0.6786119609059843,2.8940382657145087
219,10.960960960960962,1.0384868138674774,2.838760914191149
220,11.011011011011012,0.6699564926653166,2.869155596979726
221,11.061061061061062,0.6879230372355029,2.940967443944009
222,11.111111111111112,0.8821739205532981,3.008037475557058
223,11.161161161161163,0.8547953739076573,2.908943764313423
224,11.211211211211213,0.7692525564622374,2.908343729140323
225,11.261261261261263,0.705579131140075,2.914890852895553
226,11.311311311311313,0.6179883181068118,3.056198982550828
227,11.361361361361363,0.5345002630523099,2.8873843930434617
228,11.411411411411413,0.7496425478301398,2.787903982471554
229,11.461461461461463,0.8072702244961255,2.8745357998497085
230,11.511511511511513,0.8740501357642024,2.90016438128197
231,11.561561561561563,0.7110147193163583,2.9238444524048313
232,11.611611611611613,0.6219268411962137,2.8832881813509346
233,11.661661661661663,0.6406835849388981,2.8376520749875342
234,11.711711711711713,0.6826214533650306,2.9453373608469398
235,11.761761761761763,0.6548238153954183,2.9366835325011764
236,11.811811811811813,0.7619495307939687,2.8724032727268294
237,11.861861861861863,0.8315899468426623,2.949275837632172
238,11.911911911911913,0.7522753068027929,2.979398992887544
239,11.961961961961963,0.8176851594593132,2.996586223614613
240,12.012012012012013,0.6767012694287168,2.991203748696105
241,12.062062062062063,0.8475880523848263,2.9549889757845116
242,12.112112112112113,0.939659608612789,2.8095157517746103
243,12.162162162162163,0.8717532500738164,3.0279784528577376
244,12.212212212212213,0.7323301087503897,3.063754213659112
245,12.262262262262263,0.7993196540859835,3.0055148338471787
246,12.312312312312313,0.7976933876588849,2.969693983345683
247,12.362362362362363,0.7779753226710399,3.030841436166629
248,12.412412412412413,0.611339130568449,2.971843658519105
249,12.462462462462463,0.6891759144035211,3.037757675540474
250,12.512512512512513,0.7037036388938688,3.114584695582644
251,12.562562562562563,0.5833947231629618,2.979117655189726
252,12.612612612612613,0.6305298267930398,3.0606655432604546
253,12.662662662662663,0.5925719661856598,3.0408537825955224
254,12.712712712712714,0.5828898679516523,3.075961745113435
255,12.762762762762764,0.5453192095029208,2.9933251508733836
256,12.812812812812814,0.49448494624107947,2.9468259582986995
257,12.862862862862864,0.8564428705896305,3.1383676790685127
258,12.912912912912914,0.6936525534081659,2.9286961698153933
259,12.962962962962964,0.7579138723778578,3.10178898732515
260,13.013013013013014,0.6993397610514094,3.007910572951354
261,13.063063063063064,0.7857545371891302,3.1040804763379772
262,13.113113113113114,0.740553868011428,2.9844616254942533
263,13.163163163163164,0.721911970433917,2.943615378873255
264,13.213213213213214,0.6913360054304366,2.987316434353792
265,13.263263263263264,0.832118092806424,2.9034721012315896
266,13.313313313313314,0.7026471817388813,3.051351575663393
267,13.363363363363364,0.6550426510678535,3.0208688832909036
268,13.413413413413414,0.6388166812959326,2.844677195894852
269,13.463463463463464,0.7687002080324169,3.0566717519352533
270,13.513513513513514,0.6843832546096146,2.975811365925278
271,13.563563563563564,0.6982069916935603,2.9760265282780587
272,13.613613613613614,0.6473265582691882,2.8916082921833395
273,13.663663663663664,0.590606898969931,2.832390626864607
274,13.713713713713714,0.683202527514484,2.912372809751977
275,13.763763763763764,0.6382389993136283,2.8644663432123236
276,13.813813813813814,0.6959727821630328,2.942637935187449
277,13.863863863863864,0.4375487998487793,2.9344804333443757
278,13.913913913913914,0.6255420956811543,2.9155798951939875
279,13.963963963963964,0.49855037260424395,2.9457830958235003
280,14.014014014014014,0.6447721352948237,2.739873044141997
281,14.064064064064064,0.5167850509547577,2.972489284791959
282,14.114114114114114,0.6350470443589764,2.939288826495615
283,14.164164164164164,0.6653286168618,2.8774936438525622
284,14.214214214214214,0.8550857941497162,2.818791211001959
285,14.264264264264265,0.7114777422724488,2.909753283760036
286,14.314314314314315,0.8598906912599201,2.9177710061268196
287,14.364364364364365,0.8923281528670269,2.7666238250599657
288,14.414414414414415,0.67293252835833,2.8115526589892403
289,14.464464464464465,0.6069388592966266,2.9574064544596737
290,14.514514514514515,0.8877618855292522,2.9081404754310753
291,14.564564564564565,0.5815511763755684,2.87312068127935
292,14.614614614614615,0.6451182264860725,2.8890885672578195
293,14.664664664664665,0.8046390920455881,2.96888869237322
294,14.714714714714715,0.5670397930415326,2.9506903660367323
295,14.764764764764765,0.6593549295620555,2.9883038384426284
296,14.814814814814815,0.7888453436791762,2.9197678610548126
297,14.864864864864865,0.6698346765514904,3.0416341133932314
298,14.914914914914915,0.9436606398211843,2.704154729485374
299,14.964964964964967,0.8924583518325578,3.0429868063281518
300,15.015015015015017,0.6632453624369685,2.910312451324638
301,15.065065065065067,0.7214342218011017,2.890456944182426
302,15.115115115115117,0.7173823002776761,2.891814525395006
303,15.165165165165167,0.8410993956823485,2.8935712381943146
304,15.215215215215217,0.7941729371382529,2.8086402314229892
305,15.265265265265267,0.9176144222454913,2.756218789838158
306,15.315315315315317,0.8079788819296829,2.9538404579767064
307,15.365365365365367,0.6801615517476596,2.9120525103447097
308,15.415415415415417,0.8331232711350017,2.822467625106749
309,15.465465465465467,0.6174856107619751,2.9170532550427652
310,15.515515515515517,0.761664581405113,2.887263855451822
311,15.565565565565567,0.6526018927509968,2.9200290321861506
312,15.615615615615617,0.8157659950170295,2.8826920005115406
313,15.665665665665667,0.9178410202867521,2.764222451046176
314,15.715715715715717,0.8875458937692456,2.9051172265511918
315,15.765765765765767,0.8282281436272781,2.815682933133206
316,15.815815815815817,0.7050346129084948,2.8377187231022507
317,15.865865865865867,1.0949895671123977,2.884109372981337
318,15.915915915915917,1.0745450103476826,2.7823661462456957
319,15.965965965965967,0.9086043631565458,3.0051594577657497
320,16.016016016016017,0.8581471717644641,2.8656764161756465
321,16.066066066066067,0.8731854978776512,2.8024428197970166
322,16.116116116116117,0.8121755145893845,2.7361070271091
323,16.166166166166168,1.0155001917892417,2.869434358520778
324,16.216216216216218,1.0804853397768672,2.70322569646356
325,16.266266266266268,0.95484240111606,2.8127769137431398
326,16.316316316316318,0.9892394758067864,2.778626212533333
327,16.366366366366368,0.7911737270924316,2.8687643454956526
328,16.416416416416418,0.870152127995681,2.959258145228219
329,16.466466466466468,0.8405333709847049,2.872714347082598
330,16.516516516516518,0.9265379821883803,2.880508292788414
331,16.566566566566568,1.0459346590490515,2.8660635958086207
332,16.616616616616618,0.8228130209297957,2.8866564892675908
333,16.666666666666668,0.8671294807165195,2.8830312213824087
334,16.716716716716718,0.8810528760555604,2.9090246961064428
335,16.766766766766768,1.0889975999355315,2.8523202437228465
336,16.816816816816818,0.9107635977290662,2.914003962085181
337,16.866866866866868,0.9870803582895918,2.892521252122056
338,16.916916916916918,0.779144292684255,3.0482474886070876
339,16.966966966966968,0.7719720296223287,3.0341029336394327
340,17.017017017017018,0.9101379397801214,2.9981593366297967
341,17.067067067067068,0.9710983856195793,2.9478199780916228
342,17.117117117117118,0.9639973707192772,3.086461442857291
343,17.167167167167168,0.7998142503847012,2.969016126380194
344,17.217217217217218,1.020308482791745,2.9708159244090453
345,17.26726726726727,0.839776462175499,2.984589708800132
346,17.31731731731732,0.962142527865326,3.052755482190215
347,17.36736736736737,1.0078092361625794,3.0913560192419474
348,17.41741741741742,0.8674291465071785,3.0824020666242036
349,17.46746746746747,0.9392830771495437,3.0663355633887273
350,17.51751751751752,0.9951266974287006,3.162206921766694
351,17.56756756756757,0.7853320851308833,2.9198487055308346
352,17.61761761761762,0.8691469363567396,2.989907797086543
353,17.66766766766767,0.8532157565794208,3.017244697868676
354,17.71771771771772,0.9208445122469519,2.9637674309411968
355,17.76776776776777,0.8044483989599275,2.907871323589118
356,17.81781781781782,0.7888107410740703,2.935176296384423
357,17.86786786786787,0.9405921228706424,2.83037433800036
358,17.91791791791792,0.8340605673830959,2.9636534992332795
359,17.96796796796797,0.8266823644659373,2.893079643475028
360,18.01801801801802,1.0380806835125493,2.885066566351921
361,18.06806806806807,0.9634715660381153,2.8712040447787115
362,18.11811811811812,1.0044104387489168,3.0226594567595972
363,18.16816816816817,0.9301732244753956,2.9346846080071876
364,18.21821821821822,0.9368433622706996,2.94991809889625
365,18.26826826826827,1.0180428521634395,3.1018206690459427
366,18.31831831831832,0.89180730518733,3.0697998101295623
367,18.36836836836837,0.8621650672571609,2.8796370451586206
368,18.41841841841842,0.8124345239956553,2.9722979164881935
369,18.46846846846847,0.7789030215012128,3.050661003772952
370,18.51851851851852,0.6439382840993118,2.844499599132395
371,18.56856856856857,0.7667417316085869,3.1677394958892533
372,18.61861861861862,0.8423535899855221,3.02585707514465
373,18.66866866866867,0.7251631269698755,2.905178918797458
374,18.71871871871872,1.045264549404481,2.8795139715724436
375,18.76876876876877,1.1376477905169862,3.0219483399752813
376,18.81881881881882,0.9063628679088803,3.032685745708675
377,18.86886886886887,1.1342184230706323,2.9742015812057043
378,18.91891891891892,0.9687403608106212,2.921133788795259
379,18.96896896896897,0.7432657947432212,2.947002426707131
380,19.01901901901902,0.8943934449350829,2.9617578552068475
381,19.06906906906907,0.8887065622103235,3.0191390218180407
382,19.11911911911912,0.8746842692756982,2.933976587465531
383,19.16916916916917,0.7717288498854935,2.9790275920903095
384,19.21921921921922,0.938712850731087,2.9630977055636984
385,19.26926926926927,0.78392106331628,3.059613419523523
386,19.31931931931932,0.7679006309404661,2.982480680797603
387,19.36936936936937,0.8046520447493777,2.9235535051845694
388,19.41941941941942,0.7583160027082726,2.9993949368512514
389,19.46946946946947,0.9479868139397335,2.9509676275454444
390,19.51951951951952,1.0755187924850822,3.0123784457590514
391,19.56956956956957,1.0236824112205984,2.8694312761075715
392,19.61961961961962,0.9027561167492693,2.904175839106908
393,19.66966966966967,0.8545358169828077,2.9628392535101074
394,19.71971971971972,0.8859364297427408,2.845661793424157
395,19.76976976976977,0.9206754320064746,3.0012901120349196
396,19.81981981981982,0.9575495501619642,2.909336365661418
397,19.86986986986987,1.1460581789390518,3.024791096175253
398,19.91991991991992,0.8572800670880545,2.9032690619484858
399,19.96996996996997,0.9126223335598069,2.9421110473628658
400,20.02002002002002,1.0439260724915909,2.9705875184387023
401,20.07007007007007,0.8546856905775574,2.8998697364549915
402,20.12012012012012,1.0069195819945427,2.8967163566252125
403,20.17017017017017,0.9336939280924595,2.7835189836944596
404,20.22022022022022,0.8272900496557608,2.882800237246727
405,20.27027027027027,0.9903091454859136,2.7848201763629667
406,20.32032032032032,1.0863595900670586,2.9646363009287917
407,20.37037037037037,0.8150759629351686,2.9220844640285653
408,20.42042042042042,0.8513506743100961,2.9526034344702254
409,20.47047047047047,0.8980086629007805,2.729209457758264
410,20.52052052052052,0.9921976918551293,3.0503076595171006
411,20.57057057057057,0.9527354104316504,2.8857910532525137
412,20.62062062062062,1.1280739056072402,2.770998296181376
413,20.67067067067067,0.8431221463282987,2.9866443047230606
414,20.72072072072072,0.9733751569730438,2.9053243696427016
415,20.77077077077077,0.8944195115790565,2.913769701401819
416,20.82082082082082,0.8525275271998654,2.908064220964625
417,20.87087087087087,0.9224592368604551,2.983587225946213
418,20.92092092092092,0.851466024284744,2.9286622494641703
419,20.97097097097097,1.0440633552176943,2.9564065379882973
420,21.02102102102102,1.2254771124371617,2.8578207559391893
421,21.07107107107107,1.017783065150182,2.7883728133745196
422,21.12112112112112,1.0036998865785114,2.7798356792547794
423,21.17117117117117,1.1389159809350393,2.9725295860771928
424,21.22122122122122,0.7925752040787807,2.8436473386739487
425,21.27127127127127,0.8103991666420214,2.8089782709949924
426,21.32132132132132,0.9085559494260607,2.7976026753103316
427,21.371371371371374,0.7796086282713635,2.91199312113559
428,21.421421421421424,0.7205233349325528,2.895713576891659
429,21.471471471471475,0.9197233335011299,2.8392360458541845
430,21.521521521521525,0.7170512697652438,2.8119825271807724
431,21.571571571571575,0.5887253829873809,2.866101798750107
432,21.621621621621625,0.8252622965720853,2.931816923805174
433,21.671671671671675,0.9109957322496629,2.790680773063718
434,21.721721721721725,0.843314862919744,2.8316650289309333
435,21.771771771771775,0.9165449842596161,2.827412093029432
436,21.821821821821825,0.7363237342021233,2.8896151624429907
437,21.871871871871875,1.1333900494279254,2.7868355559085747
438,21.921921921921925,0.9691210136399797,2.860376084759034
439,21.971971971971975,0.7200670616546838,2.898820022100149
440,22.022022022022025,0.8577219729201273,2.879356504950463
441,22.072072072072075,0.9297994667447622,2.828589717423109
442,22.122122122122125,0.8528698882505839,2.912617413198976
443,22.172172172172175,0.9966614933856547,2.8031884084130296
444,22.222222222222225,1.0373600577738757,2.8082964493773743
445,22.272272272272275,0.843717894175615,2.879974679760775
446,22.322322322322325,1.0610753852457757,2.7892044056352527
447,22.372372372372375,0.9906164605376209,2.9171310370366825
448,22.422422422422425,0.9873785872878142,2.759592279992815
449,22.472472472472475,0.8537247213494642,2.7497003650598555
450,22.522522522522525,0.838153869579631,2.74011486384091
451,22.572572572572575,0.6777878579653857,2.896842135980225
452,22.622622622622625,0.7804983724151463,2.84891135135957
453,22.672672672672675,0.904060689728655,2.732923542576379
454,22.722722722722725,0.9710399431006861,2.86207185181726
455,22.772772772772775,0.9033421609264822,2.819293867269886
456,22.822822822822825,1.0814043337273145,2.699127052145793
457,22.872872872872875,0.9791207886643849,2.7573165712450387
458,22.922922922922925,0.9018755552252922,2.755345541178742
459,22.972972972972975,0.8715541830935677,2.7799660035511238
460,23.023023023023026,0.9012952278932473,2.9044913494834166
461,23.073073073073076,0.985745094382414,2.8436026204299276
462,23.123123123123126,0.8569211760742559,2.7279199791238424
463,23.173173173173176,0.9289392415078276,2.782805052052259
464,23.223223223223226,0.9732430473726105,2.705254882989719
465,23.273273273273276,0.9016195588441652,2.763368117008024
466,23.323323323323326,0.9412726827666652,2.664688980151441
467,23.373373373373376,1.0485657989058468,2.8496778541551055
468,23.423423423423426,1.0405282754926823,2.7524259792540193
469,23.473473473473476,0.7416370826158992,2.8711702206268503
470,23.523523523523526,1.0116179810744326,2.9197431457533596
471,23.573573573573576,0.9856801671205969,2.7447218057999514
472,23.623623623623626,0.9754013376443144,2.9833725582076376
473,23.673673673673676,1.0425975810343129,2.801690888406823
474,23.723723723723726,0.9845068856661034,2.8584058525504585
475,23.773773773773776,1.0867065349817002,2.93907628322248
476,23.823823823823826,0.9324947487365013,2.8444117937222644
477,23.873873873873876,0.953218921886511,2.8461546553129518
478,23.923923923923926,0.8718220243167462,2.7585408635875313
479,23.973973973973976,1.0498387751910683,2.81309541384238
480,24.024024024024026,0.9690000988430932,2.748603175287514
481,24.074074074074076,1.0534961769365485,2.8866248666401004
482,24.124124124124126,1.173243025222964,3.1815538641091523
483,24.174174174174176,1.0232579071689605,2.993229564373423
484,24.224224224224226,1.1731498873664234,2.8596737878816754
485,24.274274274274276,0.9950800961472358,2.7850416961246665
486,24.324324324324326,0.9589662068669922,2.9102882317527654
487,24.374374374374376,0.9706635360763135,2.6777499653840193
488,24.424424424424426,1.104575995865466,2.935360303467539
489,24.474474474474476,0.9849401773388301,2.807165477675454
490,24.524524524524526,1.2944457053701866,2.8267975478092384
491,24.574574574574577,1.1413903763238673,2.783728565591833
492,24.624624624624627,0.9173384271330908,2.9705238377876704
493,24.674674674674677,0.9866534939306909,2.861597398295821
494,24.724724724724727,0.7793148267822609,2.8018507037008904
495,24.774774774774777,0.8038471589957183,2.8130529620328373
496,24.824824824824827,0.8980067169358493,2.804268299523313
497,24.874874874874877,0.6104009263902264,2.9321366009911976
498,24.924924924924927,0.6932815847522302,2.8203058689260017
499,24.974974974974977,0.6666950255728656,2.81551009437605
500,25.025025025025027,0.9614631794206151,2.686601767271225
501,25.075075075075077,0.8097472785851131,2.8578547384380037
502,25.125125125125127,0.7767153116063845,2.817861388911187
503,25.175175175175177,0.7673068038919959,2.935335309872543
504,25.225225225225227,0.8814552726655283,2.8240688904850155
505,25.275275275275277,0.8097807327823726,2.813355911870917
506,25.325325325325327,1.0530974178611514,2.8595662267641853
507,25.375375375375377,0.8679118258435066,2.8210825995854716
508,25.425425425425427,0.7641616076982031,2.880077410234744
509,25.475475475475477,1.0615604221718369,2.765482158924484
510,25.525525525525527,0.8482095761642634,2.914697013837933
511,25.575575575575577,0.8414074613140545,2.8530994273027197
512,25.625625625625627,1.0191246697463048,2.8050954643878367
513,25.675675675675677,1.0355383299223462,2.877936556325708
514,25.725725725725727,0.8988764403460121,2.839175355762183
515,25.775775775775777,1.026116067397272,2.71853971647773
516,25.825825825825827,0.8967045822551215,2.8580294556418253
517,25.875875875875877,0.8692164950590712,2.7591962109742303
518,25.925925925925927,1.0163020205626565,2.7995997499322356
519,25.975975975975977,1.0634188107950733,2.895765645668806
520,26.026026026026027,0.9282568985353362,2.7648431606263086
521,26.076076076076077,1.1313323049755668,2.799220409479676
522,26.126126126126128,0.9802160809731898,2.944072109085364
523,26.176176176176178,0.8716052047007121,2.8513245208401394
524,26.226226226226228,1.074960842459731,2.8250385683420047
525,26.276276276276278,1.044392042152172,2.890881307449177
526,26.326326326326328,1.0403364531060664,2.932013123957995
527,26.376376376376378,1.0700584295894122,2.8860881980196607
528,26.426426426426428,0.9378608644161768,2.810882702277019
529,26.476476476476478,0.8998633777527736,2.8308051771889584
530,26.526526526526528,1.1104064869070223,2.908445395362673
531,26.576576576576578,0.7520865406643009,2.947456446889551
532,26.626626626626628,0.7514241294252533,2.911559098466125
533,26.676676676676678,0.7891460510492058,3.011310651927169
534,26.726726726726728,0.794816593239103,2.8942025356298426
535,26.776776776776778,0.9490763261152262,2.927084125586285
536,26.826826826826828,0.7600335002524939,2.887087645632257
537,26.876876876876878,1.2031159448890154,3.0656803156452543
538,26.926926926926928,0.9970538184176134,2.8673976859088084
539,26.976976976976978,1.1051716603462145,2.9194197189196167
540,27.027027027027028,1.062606307756217,2.9483352426818326
541,27.077077077077078,0.9655784069210268,2.8372690647587673
542,27.127127127127128,1.0826627563300357,2.9485762156494477
543,27.177177177177178,1.058801769462746,2.815917484280418
544,27.227227227227228,0.984806796826434,2.920817144989363
545,27.27727727727728,0.7885765635911338,2.9612263226482036
546,27.32732732732733,1.0217937281146023,2.9182959074241257
547,27.37737737737738,1.051541334317537,2.9475223471813905
548,27.42742742742743,1.018038241422121,2.8163365296790355
549,27.47747747747748,0.7571481441722397,2.8545903078657764
550,27.52752752752753,0.9899494324264975,2.8307273049019686
551,27.57757757757758,0.969660283780099,2.7867463549273843
552,27.62762762762763,1.2295638987806428,2.892081478248501
553,27.67767767767768,1.0949907746520662,2.908719623942358
554,27.72772772772773,0.7847348017404968,2.7330911954857573
555,27.77777777777778,0.9246324567534112,2.7357994734972895
556,27.82782782782783,0.996386976971581,2.9303243916455264
557,27.87787787787788,1.0796089833338447,2.8494071064061313
558,27.92792792792793,1.0248974743334214,2.762686212598894
559,27.97797797797798,1.060923389090764,2.7696713671445963
560,28.02802802802803,0.9132136068022515,2.801405348815925
561,28.07807807807808,1.2800234355697173,2.8910641023095938
562,28.12812812812813,1.1254118670764175,2.8809697500148106
563,28.17817817817818,1.1708326848549242,2.7126128612345863
564,28.22822822822823,1.0786974377452325,2.904672423715883
565,28.27827827827828,1.1047640452718765,2.85376501780663
566,28.32832832832833,1.0601747168199727,2.8426695665781887
567,28.37837837837838,1.167805614576837,2.855502274890234
568,28.42842842842843,1.0944611295054212,2.9460972379848727
569,28.47847847847848,1.1132772492736411,2.9726855243957315
570,28.52852852852853,0.9848133505202387,2.8723670693185066
571,28.57857857857858,0.9984848336128332,2.968209003050345
572,28.62862862862863,1.0043068994275655,2.8113491760486733
573,28.67867867867868,0.9662899542402941,2.8139253495880925
574,28.72872872872873,1.0319674247434854,2.85661910282525
575,28.77877877877878,1.0953209722745552,2.69702613464986
576,28.82882882882883,0.9206178029157255,2.876840228884172
577,28.87887887887888,0.9773678147219261,2.811962818331653
578,28.92892892892893,0.9519315782892535,2.8475137985533965
579,28.97897897897898,0.8726008643196359,2.8239560264966963
580,29.02902902902903,0.7364951729827406,2.78403256994369
581,29.07907907907908,0.8219695477085895,2.7758986645448083
582,29.12912912912913,0.7770657344800276,2.8634797898842046
583,29.17917917917918,0.925208334611178,2.925753193084844
584,29.22922922922923,0.7743349310258225,2.916456435591643
585,29.27927927927928,0.8458761559284513,2.884399671453563
586,29.32932932932933,0.7909278016171395,2.9802850686730458
587,29.37937937937938,0.9079332434201042,2.8908931387640266
588,29.42942942942943,0.873090192914269,3.012494661355109
589,29.47947947947948,0.7026786509233918,2.9415053261824986
590,29.52952952952953,0.9334270011709463,2.9578654293454174
591,29.57957957957958,0.7266667723801332,2.8065360793563103
592,29.62962962962963,0.8272207688364339,2.8971865326596724
593,29.67967967967968,0.6670814401020861,2.9192103040177333
594,29.72972972972973,0.7082196126592744,3.0008830120652488
595,29.77977977977978,0.6441964133181428,2.8656284957572384
596,29.82982982982983,0.647115826925622,2.955284869496732
597,29.87987987987988,0.7300927525310458,2.8458948486159272
598,29.929929929929934,1.0513822485181215,2.9350529739354028
599,29.979979979979984,0.7720993629223601,2.9436203279036195
600,30.030030030030034,0.7975337321325844,2.852726886478716
601,30.080080080080084,0.7082691854329327,2.867505305322601
602,30.130130130130134,0.637498663704613,2.883291129600294
603,30.180180180180184,0.7894185541670441,2.7952107614342037
604,30.230230230230234,0.9027508334077855,2.7957239465520947
605,30.280280280280284,0.7137288769963612,2.828102655232857
606,30.330330330330334,0.7967766174426265,2.8369821431514266
607,30.380380380380384,0.6913499022321739,2.8467085513397543
608,30.430430430430434,0.6852337563484158,2.8715338161814428
609,30.480480480480484,0.7971725069714339,2.837292517849096
610,30.530530530530534,0.6399575767419036,2.826638446203906
611,30.580580580580584,0.7604480863661484,2.9430473941456237
612,30.630630630630634,0.811105084518121,2.883411186343568
613,30.680680680680684,0.7164439171395426,2.853742183587235
614,30.730730730730734,0.8963470741573445,2.9185058510680046
615,30.780780780780784,0.7622729813946925,2.867556366627283
616,30.830830830830834,0.7105527794089521,2.9483841754062943
617,30.880880880880884,0.6812820543582588,2.8749034392884387
618,30.930930930930934,0.7194639613434757,2.9623524908903787
619,30.980980980980984,0.737795605069005,3.031963975283878
620,31.031031031031034,0.8623831108856624,3.0042861025775323
621,31.081081081081084,0.7092908591290855,2.9997827896396103
622,31.131131131131134,0.898882352774331,2.9747239273368673
623,31.181181181181184,0.709703804724894,2.963434114453718
624,31.231231231231234,0.7213200496851913,2.990654725125962
625,31.281281281281284,0.7236338073125238,2.936960192098978
626,31.331331331331334,0.7283732220748065,2.997411712164695
627,31.381381381381384,0.7726577758180635,2.9740193680799876
628,31.431431431431434,0.8362175635416776,3.001023074908455
629,31.481481481481485,0.6956954236433089,2.9865451745366296
630,31.531531531531535,0.7103811450861086,2.9087941007077145
631,31.581581581581585,0.7863608451029444,2.933248939620523
632,31.631631631631635,0.7177888228920429,2.945526421642608
633,31.681681681681685,0.7552565346792223,3.018236630726855
634,31.731731731731735,0.888991719186164,2.8936130352794525
635,31.781781781781785,0.8695970045185895,3.0006747065696184
636,31.831831831831835,0.7695292142021385,2.927613095200304
637,31.881881881881885,0.7893683850337737,2.8111682766718165
638,31.931931931931935,0.83490215438047,2.8404530049298526
639,31.981981981981985,0.7683899500674736,2.9860549330552106
640,32.032032032032035,0.721165607616461,2.968741298596914
641,32.08208208208208,0.8302663466754502,3.051633589627012
642,32.132132132132135,0.7188721681092254,2.9256175195871448
643,32.18218218218218,0.6862868891117729,2.953454367361717
644,32.232232232232235,0.9305680938379819,2.9938577741831187
645,32.28228228228228,0.8910861723364492,2.967220487398539
646,32.332332332332335,0.7374506492006362,3.1730666256917117
647,32.38238238238238,0.9495572229540911,3.0052493659257227
648,32.432432432432435,1.0109669770808072,3.0541477265691963
649,32.48248248248248,0.908738496634257,3.0335016880201935
650,32.532532532532535,0.7738600650763231,2.9416604923499388
651,32.58258258258258,0.9389100999151222,2.9542677983161774
652,32.632632632632635,0.9035001360928178,2.887607010537983
653,32.68268268268268,0.8866210278470905,3.0761025320443047
654,32.732732732732735,0.9295980449296373,2.965205747340047
655,32.78278278278278,0.9316539967493197,2.9715004811388783
656,32.832832832832835,0.8815647566391918,2.992596974499279
657,32.88288288288288,1.2317626646398114,3.100579374938768
658,32.932932932932935,1.1115768227096994,3.1828409837268636
659,32.98298298298298,1.2578628422588316,3.1530090218867026
660,33.033033033033036,1.299746680200147,3.217497610687361
661,33.08308308308308,1.1466606813601126,3.2153953991749735
662,33.133133133133136,1.1446720899685707,3.070152935926112
663,33.18318318318318,1.034204508490445,3.141914738762511
664,33.233233233233236,1.1726917129266232,3.1437258495407048
665,33.28328328328328,1.2628521154237955,3.215731441471654
666,33.333333333333336,1.0981059471581878,3.1373302115502972
667,33.38338338338338,0.9998150078695124,3.118770373612482
668,33.433433433433436,1.155891779893493,3.2577727971460155
669,33.48348348348348,1.1467313805067842,3.0385175344841038
670,33.533533533533536,1.0172582097829455,3.1411569555510446
671,33.58358358358358,1.2188517395544998,3.2285007462351722
672,33.633633633633636,1.0782735135612758,3.1216758031943987
673,33.68368368368368,1.0657165408389904,3.163126824131122
674,33.733733733733736,1.0894396962753148,3.0958997436857256
675,33.78378378378378,1.0736835471833936,3.160470745882034
676,33.833833833833836,1.0803772383737877,3.1514846283396487
677,33.88388388388388,1.1795712188714282,3.1551821424883677
678,33.933933933933936,1.114984634597667,2.993395663252526
679,33.98398398398398,1.270377075112098,3.2013705477817234
680,34.034034034034036,1.1441897145895943,3.2065273350377677
681,34.08408408408408,1.089182239562118,3.0678442781646758
682,34.134134134134136,1.1767479640226488,3.0321299558782515
683,34.18418418418419,1.217360379801302,2.9921231407955178
684,34.234234234234236,1.0359418668857985,3.0968344151209224
685,34.28428428428429,1.2099900460039417,3.167215886685956
686,34.334334334334336,1.0356427722213042,3.1693216668958963
687,34.38438438438439,1.1598999090599755,3.03153231524078
688,34.434434434434436,1.1756955653293957,3.1155522003596428
689,34.48448448448449,0.9766272254789449,3.0310426412371663
690,34.53453453453454,1.0787729454679262,3.130324500143897
691,34.58458458458459,1.1338397371110833,3.2373928110995824
692,34.63463463463464,1.0043233244258167,3.202466136192209
693,34.68468468468469,1.1932579794532112,3.15646515447607
694,34.73473473473474,0.9708240158465336,3.0805300191137515
695,34.78478478478479,1.1307832548951304,3.2635829260145615
696,34.83483483483484,1.1129462004850894,3.175934827785006
697,34.88488488488489,1.0016729601199694,3.156423880566194
698,34.93493493493494,1.0320531278932603,3.0181110138073604
699,34.98498498498499,1.0386348035810178,3.12803459963165
700,35.03503503503504,1.1195954371884949,3.1677714722398544
701,35.08508508508509,1.0638447562686726,3.135541891793043
702,35.13513513513514,1.0270835770600164,3.1844456234379086
703,35.18518518518519,1.0979784920492925,3.2353493400261106
704,35.23523523523524,1.0588390239678989,3.161306336447791
705,35.28528528528529,1.2085054662252248,3.226502712230648
706,35.33533533533534,1.1817331156559523,3.1690360905824555
707,35.38538538538539,1.1665025079354294,3.149989759675038
708,35.43543543543544,1.3572380122609635,3.266184399577493
709,35.48548548548549,1.2999767611995996,3.254356241478763
710,35.53553553553554,1.4810541552089933,3.3862490495393063
711,35.58558558558559,1.1713591894671544,3.1559869409054055
712,35.63563563563564,1.2498229165617174,3.20687508339842
713,35.68568568568569,1.2691292168451374,3.0637377790955194
714,35.73573573573574,1.2788688104797576,3.3097032385750165
715,35.78578578578579,1.3268017620097203,3.217765850613856
716,35.83583583583584,1.191938266037185,3.278351750415635
717,35.88588588588589,1.2557359072188718,3.210210630462089
718,35.93593593593594,1.201561880815236,3.2271013791787584
719,35.98598598598599,1.2200620864226153,3.1485648911072404
720,36.03603603603604,1.4374293848949302,3.5451660866309243
721,36.08608608608609,1.2859573198450056,3.310397677359695
722,36.13613613613614,1.1763362409866411,3.228100250831307
723,36.18618618618619,1.2121930036957194,3.3105706320027277
724,36.23623623623624,1.1819885469076943,3.328080245213844
725,36.28628628628629,1.1738337642666707,3.3663221134709054
726,36.33633633633634,1.1691167098841957,3.1081768081137997
727,36.38638638638639,1.0069888780387126,3.115161591903204
728,36.43643643643644,1.066548914847852,3.1427836796313606
729,36.48648648648649,1.088704458086719,3.093617462679058
730,36.53653653653654,1.2007079452672607,3.2504257596274013
731,36.58658658658659,1.2905229127269098,3.2286072531867767
732,36.63663663663664,1.1465460215681136,3.1234258696845134
733,36.68668668668669,1.1851821903661104,3.2416183009077506
734,36.73673673673674,1.3232173837026375,3.206916808670894
735,36.78678678678679,1.3300124010751029,3.3086154739220683
736,36.83683683683684,1.4245366644040391,3.4071973762341843
737,36.88688688688689,1.3548479774686444,3.431094914740865
738,36.93693693693694,1.1373854732892081,3.1853863006110017
739,36.98698698698699,1.2603245672694126,3.3027583571659425
740,37.03703703703704,1.2102424893699972,3.237842447894426
741,37.08708708708709,0.96530166613466,3.0393650309472315
742,37.13713713713714,1.2673666528783556,3.296142475142809
743,37.18718718718719,1.280019896927016,3.3971109291202164
744,37.23723723723724,1.050007054417955,3.226291198727845
745,37.28728728728729,1.1862120089356893,3.1774885876518857
746,37.33733733733734,1.2440073686288338,3.2393878384972496
747,37.38738738738739,1.321329169903576,3.3410976882459598
748,37.43743743743744,1.2852639783073891,3.187074031701502
749,37.48748748748749,1.2405709718659395,3.2721023930173208
750,37.53753753753754,1.1562114115303523,3.2057820099892425
751,37.58758758758759,1.2354706237240825,3.2174484123260556
752,37.63763763763764,1.3105832298772306,3.2938285320968497
753,37.68768768768769,1.1931710771700244,3.2265540566702655
754,37.73773773773774,1.320986054921029,3.3600367219363636
755,37.78778778778779,1.2831059788015147,3.2889063226984256
756,37.83783783783784,1.3520733311025077,3.475295959473482
757,37.88788788788789,1.1531123606620393,3.2136350824620363
758,37.93793793793794,1.2932009250734142,3.1849975399283528
759,37.98798798798799,1.0839460366084932,3.204916119995558
760,38.03803803803804,1.1935970756977703,3.2137122104248026
761,38.08808808808809,1.2265934533598217,3.233989464603095
762,38.13813813813814,1.223355898035522,3.2239757789954315
763,38.18818818818819,1.2606269037162632,3.215105315703997
764,38.23823823823824,1.192466300303089,3.299976010323626
765,38.28828828828829,1.0141839563380692,3.1850963703572295
766,38.33833833833834,1.147720990594977,3.2540866856029917
767,38.38838838838839,1.0694872004356772,3.2494187411407798
768,38.43843843843844,1.2197184308183004,3.195066469192998
769,38.48848848848849,1.189875523690502,3.138828853950806
770,38.53853853853854,1.3685309842367532,3.2840880361214912
771,38.58858858858859,1.416120553510079,3.320779747033551
772,38.63863863863864,1.4090704986776699,3.374311836535898
773,38.68868868868869,1.2199447109535497,3.353401403906424
774,38.73873873873874,1.2193557117134493,3.32222086835097
775,38.78878878878879,1.145711250255022,3.1457740762198085
776,38.83883883883884,1.3599645825086726,3.3667381943228816
777,38.88888888888889,1.3430382872812425,3.377578567453922
778,38.93893893893894,1.4378213908376862,3.4144680467208732
779,38.98898898898899,1.2616451710817782,3.3407652007066426
780,39.03903903903904,1.320352073292951,3.292616705055477
781,39.08908908908909,1.0951657286709502,3.2802028065161117
782,39.13913913913914,1.1492865425233334,3.3089275698777794
783,39.18918918918919,1.1977905564208122,3.328604189641053
784,39.23923923923924,1.0683611777946334,3.2575001104083383
785,39.28928928928929,1.3002152279108545,3.227401623866623
786,39.33933933933934,1.161614126291069,3.26543341242629
787,39.38938938938939,1.2605608102926866,3.3731301001723715
788,39.43943943943944,1.1191793201288511,3.27340724934593
789,39.48948948948949,1.146987308670364,3.310965775191475
790,39.53953953953954,1.018080847507365,3.2190768166813992
791,39.58958958958959,1.2530851844795632,3.305173847456564
792,39.63963963963964,1.2666733585051653,3.3326146343119607
793,39.68968968968969,1.151925301317743,3.2197885532792716
794,39.73973973973974,1.2854213570780826,3.4230190500307307
795,39.78978978978979,1.2682254880768538,3.3820850794027573
796,39.83983983983984,1.2698111191806716,3.299270573097713
797,39.88988988988989,1.217479590254854,3.2642525589275904
798,39.93993993993994,1.008903376784831,3.203315185117341
799,39.98998998998999,1.1950550924832544,3.40124911726406
800,40.04004004004004,1.097312884166182,3.2665239119437577
801,40.090090090090094,1.1224982098835266,3.2489549096253967
802,40.14014014014014,1.2847991505276575,3.4195172855188516
803,40.190190190190194,1.1967683672720018,3.2540241339004408
804,40.24024024024024,1.1743293967821051,3.292815429488499
805,40.290290290290294,1.3006919734300988,3.3905245314022836
806,40.34034034034034,1.3068587641917109,3.2934564232317256
807,40.390390390390394,1.1506781999108333,3.189153601023642
808,40.44044044044044,1.4851713432094222,3.45057307243237
809,40.490490490490494,1.4287205424403926,3.401461402495061
810,40.54054054054054,1.338147543298753,3.321730148570914
811,40.590590590590594,1.4526859535621075,3.3550694573800213
812,40.64064064064064,1.1887043358737417,3.2476342799488216
813,40.690690690690694,1.1942599081564103,3.306123709524859
814,40.74074074074074,1.1904657816009183,3.2420402682726217
815,40.790790790790794,1.2619493950894927,3.350183425244057
816,40.84084084084084,1.2371475702600954,3.167580727467519
817,40.890890890890894,1.0860795272701989,3.1625234342451387
818,40.94094094094094,1.3407279623450912,3.252005927296395
819,40.990990990990994,1.393437388196964,3.2466464904064822
820,41.04104104104104,1.2109246793203632,3.2497329492612383
821,41.091091091091094,1.2087010850646378,3.1961131802129485
822,41.14114114114114,1.249559581995193,3.254367360902109
823,41.191191191191194,1.0034140587554625,3.1827981356078348
824,41.24124124124124,1.161905552236312,3.1807179904781475
825,41.291291291291294,1.3816427815105237,3.380402606384405
826,41.34134134134134,1.074184987293225,3.2101569842295916
827,41.391391391391394,1.1637844173901932,3.251655330377696
828,41.44144144144144,1.060944960981206,3.181146888420776
829,41.491491491491495,1.343765188790939,3.2053078988350157
830,41.54154154154154,1.0528999048852743,3.0808147414291716
831,41.591591591591595,1.1872650854121614,3.136822741532791
832,41.64164164164164,1.1065246956926045,3.2147087702122032
833,41.691691691691695,1.1898238685340579,3.2694207578530055
834,41.74174174174174,1.1484033967407348,3.1425605198530366
835,41.791791791791795,1.0413059837631282,3.0813542919966683
836,41.84184184184184,1.1894320071887727,3.204851738893401
837,41.891891891891895,1.1429932169748718,3.224822159196873
838,41.94194194194194,1.090437012137402,3.2079531943066963
839,41.991991991991995,1.1098649256693516,3.196576412363932
840,42.04204204204204,0.9036675960337879,3.0386357787487506
841,42.092092092092095,1.0557632345176506,3.211606659755435
842,42.14214214214214,1.1283852083281487,3.184245257158951
843,42.192192192192195,1.089349581690739,3.236285930819667
844,42.24224224224224,1.1439056497794513,3.1169103695238474
845,42.292292292292295,1.0174770120844072,3.1959317123917645
846,42.34234234234234,1.024448076881232,3.166066711048359
847,42.392392392392395,1.1594031764271906,3.21248468825683
848,42.44244244244244,1.2477400852405465,3.2087610827494926
849,42.492492492492495,0.9644921779498382,3.20177736048624
850,42.54254254254254,1.1563114983561034,3.2220758797823583
851,42.592592592592595,1.028624932680307,3.1433200659599083
852,42.64264264264264,0.9957247955700025,3.23448061122468
853,42.692692692692695,1.119145164654132,3.1417700985288377
854,42.74274274274275,0.9044414003437393,3.075574952756517
855,42.792792792792795,1.0450391695244547,3.261774295505399
856,42.84284284284285,1.0547560393908968,3.1674526709146904
857,42.892892892892895,1.086361346010009,3.2986009382133803
858,42.94294294294295,1.1541723218013602,3.1951797887119877
859,42.992992992992995,1.106649703822145,3.1821461686496737
860,43.04304304304305,1.2544754885741691,3.246993502066744
861,43.093093093093096,1.2177950139033473,3.177515592798727
862,43.14314314314315,1.0764348322623483,3.074912490963773
863,43.193193193193196,1.123386302452151,3.1325368204702335
864,43.24324324324325,1.0873828402238117,3.212018662495452
865,43.293293293293296,1.0620944060996356,3.0690893443635257
866,43.34334334334335,1.2116015482319598,3.320930188536182
867,43.393393393393396,1.2952113018551938,3.38140915609872
868,43.44344344344345,1.21156030843854,3.227007621831774
869,43.493493493493496,1.2703866446267114,3.2916683731952046
870,43.54354354354355,1.2329178535862992,3.2297141535065133
871,43.593593593593596,1.164447943401364,3.0944067593039475
872,43.64364364364365,1.1347228982023607,3.159826624506787
873,43.693693693693696,1.196201202609072,3.2069306240032858
874,43.74374374374375,0.9240181179792643,3.0512652368261564
875,43.793793793793796,0.9950156764754909,3.121423138954859
876,43.84384384384385,1.119817792455593,3.1742226664340727
877,43.893893893893896,1.1475420620905166,3.2176815826479364
878,43.94394394394395,1.0275985132549175,3.1699372028126205
879,43.993993993993996,1.1102947403037249,3.091648180646212
880,44.04404404404405,1.0730722272062083,3.0545792450513227
881,44.094094094094096,1.1118460879827672,3.041167793029071
882,44.14414414414415,1.164758788981423,3.248511193830483
883,44.194194194194196,0.9455279066174925,3.081392503580735
884,44.24424424424425,1.1889955843247555,3.19527250846277
885,44.294294294294296,1.101094246183382,3.0875068630171825
886,44.34434434434435,1.09587549090179,3.1765875714612264
887,44.394394394394396,1.0836835719706244,3.1859835974277697
888,44.44444444444445,0.9961803266773909,3.01355949653225
889,44.4944944944945,0.9624253116527905,3.1317816246777546
890,44.54454454454455,0.9219331042332071,3.070613293147036
891,44.5945945945946,0.997829573417152,3.1558440975987105
892,44.64464464464465,1.253356626454863,3.298883864042811
893,44.6946946946947,1.2742420746384715,3.387806776084074
894,44.74474474474475,1.2927536995428421,3.3992297078610787
895,44.7947947947948,1.2401324644290357,3.3384815987815197
896,44.84484484484485,1.226412782189093,3.3138336622940012
897,44.8948948948949,1.1814579377591794,3.2912063605907163
898,44.94494494494495,1.2569135611393767,3.2306754987514976
899,44.994994994995,1.326436056385705,3.3246554955596497
900,45.04504504504505,1.3808889708648586,3.2603095069114074
901,45.0950950950951,1.3355282152019774,3.344347246668267
902,45.14514514514515,1.3985679426887376,3.3110256813703813
903,45.1951951951952,1.5693954678431565,3.3313208671478876
904,45.24524524524525,1.2728776185915325,3.282641022828267
905,45.2952952952953,1.4436312584778574,3.41025627032473
906,45.34534534534535,1.2301073217683058,3.252775993561792
907,45.3953953953954,1.2744915033590458,3.2433543689333955
908,45.44544544544545,1.1918568783540067,3.1725696814467383
909,45.4954954954955,1.0071018228212372,3.112431814834468
910,45.54554554554555,1.36159759910391,3.311609470535489
911,45.5955955955956,1.1270693065927013,3.0880222659450665
912,45.64564564564565,0.982930662792338,3.140706305920246
913,45.6956956956957,1.1266973965129234,3.0889856686255364
914,45.74574574574575,1.0871269552974145,3.160988211265455
915,45.7957957957958,0.9436779612305881,3.0683398450754678
916,45.84584584584585,1.1916020657679238,3.252481746918286
917,45.8958958958959,1.2954357064805366,3.24879252251651
918,45.94594594594595,1.1827471193507768,3.089516459776875
919,45.995995995996,1.1471136005701916,3.191541936173853
920,46.04604604604605,1.1488092493475752,3.2854419112667053
921,46.0960960960961,1.2974012583033159,3.287090549606579
922,46.14614614614615,1.2030241190238298,3.2725754979239756
923,46.1961961961962,1.084558182625296,3.132201141532145
924,46.24624624624625,1.202396077316105,3.2589586422678334
925,46.2962962962963,1.279903135316202,3.2484874078601074
926,46.34634634634635,1.3822318676399954,3.2607833695311785
927,46.3963963963964,1.2343171326831144,3.2962770894584064
928,46.44644644644645,0.9713808862199849,3.1817645887381993
929,46.4964964964965,1.197926317403718,3.2679277428877476
930,46.54654654654655,1.2375006485360251,3.2708514604274295
931,46.5965965965966,1.3014435339020118,3.278342068643518
932,46.64664664664665,1.0126427958600415,3.1041703150874635
933,46.6966966966967,1.2247266117923388,3.2893634110989067
934,46.74674674674675,1.1883407211293382,3.290487907957267
935,46.7967967967968,1.233185909540499,3.3794403819918704
936,46.84684684684685,1.0957526285849242,3.2517197790846626
937,46.8968968968969,1.3708500754629858,3.450007393931427
938,46.94694694694695,1.0083199242242864,3.1734166113202105
939,46.996996996997,1.3849560885173735,3.310390060488998
940,47.04704704704705,1.2913688407446955,3.319212538632072
941,47.0970970970971,1.2604685481040074,3.3154900006453825
942,47.14714714714715,1.2704891330515862,3.371167776592683
943,47.1971971971972,1.1971286346044427,3.293221559397949
944,47.24724724724725,1.2904567835778753,3.3992979407322004
945,47.2972972972973,1.0536171428045222,3.160143538946347
946,47.34734734734735,1.26179779995347,3.151240487619348
947,47.3973973973974,1.4007926513655564,3.282477640894482
948,47.44744744744745,1.1896029838071922,3.3149114998228577
949,47.4974974974975,1.2508379140449994,3.315013190500424
950,47.54754754754755,1.3280041104624996,3.352914630183775
951,47.5975975975976,1.1085149016282485,3.267982883423724
952,47.64764764764765,1.2709232060554139,3.3423357558790245
953,47.6976976976977,1.2676213910415743,3.270489603449413
954,47.74774774774775,1.2733401838867646,3.2981430682330153
955,47.7977977977978,1.0743404491410053,3.2602462646637074
956,47.84784784784785,1.285220919223461,3.2426273674186445
957,47.8978978978979,1.0471152573846212,3.235249283307566
958,47.94794794794795,1.265229633895379,3.3038565359631855
959,47.997997997998,1.3265436999891893,3.2237073325628542
960,48.04804804804805,1.0962946473037067,3.270554927815899
961,48.0980980980981,1.1664258772812184,3.175463634205524
962,48.14814814814815,1.2204073619887308,3.355844807435876
963,48.1981981981982,1.144491367532622,3.334552918035303
964,48.24824824824825,1.2796719128850251,3.3428021138756083
965,48.2982982982983,1.1949282302565694,3.330096838299216
966,48.34834834834835,1.1591036792261264,3.105046141235321
967,48.3983983983984,1.0903513890349625,3.203454884777654
968,48.44844844844845,1.228510690135495,3.302085235309191
969,48.4984984984985,1.065838931161274,3.2432092409226194
970,48.54854854854855,1.1365600417198196,3.163119265993716
971,48.5985985985986,1.0451046606480376,3.1482709073271806
972,48.64864864864865,1.2438600781480547,3.3716991320178225
973,48.6986986986987,1.223216368860514,3.2550370062520173
974,48.74874874874875,0.9564168625088544,3.18804165230337
975,48.7987987987988,1.0977886090146065,3.154902207743674
976,48.84884884884885,0.9257731852566733,3.094316351635012
977,48.8988988988989,1.0326505644411732,3.1898108640393197
978,48.94894894894895,0.931763849153718,3.0297990725354924
979,48.998998998999,1.0250814589637516,3.11129831376348
980,49.04904904904905,1.1005969993484075,3.1166497281983587
981,49.0990990990991,1.0665078714725709,3.103695277674696
982,49.14914914914915,1.004023798856936,3.0680568231658842
983,49.1991991991992,1.037785588276771,3.1331876251206046
984,49.24924924924925,1.176389974783175,3.101968184734925
985,49.2992992992993,1.0528174239835135,3.0928896631371114
986,49.34934934934935,1.0440171802926084,3.1483476582737966
987,49.3993993993994,0.9638375089683383,3.072954552112895
988,49.44944944944945,1.0871456189382496,2.9746041938733594
989,49.4994994994995,1.1063345374701674,3.1603586848125844
990,49.54954954954955,1.114724981956387,3.0059298264378507
991,49.5995995995996,0.9780791621261681,3.0909565312148533
992,49.64964964964965,1.3762966661517517,3.146594749976551
993,49.6996996996997,1.1460090328537307,3.0600413658550067
994,49.74974974974975,1.100700097924255,3.040730170715592
995,49.7997997997998,1.1106242842966985,2.991808020703304
996,49.84984984984985,1.070273638829579,2.987605121265856
997,49.8998998998999,1.1069549915850252,3.14112167487255
998,49.94994994994995,1.01329916109916,3.1775073366325164
999,50.0,1.1299676529222065,3.0054591787448866
