complex,pdb,pep_chain,pep_len,pep_seq,pep_resids,pep_fused_to_mhc,mhc_chains,tcr_chains,full_chains,notcr_chains,full_len,notcr_len,n_skempi_mut,modres_rewritten
1BD2_ABC_DE,1BD2,C,9,LLFGYPVYV,1;2;3;4;5;6;7;8;9,0,AB,DE,CABDE,CAB,815,383,24,
1LP9_ABC_EF,1LP9,C,9,ALWGFFPVL,1;2;3;4;5;6;7;8;9,0,AB,EF,CABEF,CAB,815,384,4,
1MI5_ABC_DE,1MI5,C,9,FLRGRAYGL,1;2;3;4;5;6;7;8;9,0,AB,DE,CABDE,CAB,827,385,39,
1QSE_ABC_DE,1QSE,C,9,LLFGYPRYV,1;2;3;4;5;6;7;8;9,0,AB,DE,CABDE,CAB,826,383,1,
2AK4_ABC_DE,2AK4,C,13,LPEPLPQGQLTAY,1;2;3;4;5;6;7;8;9;10;11;12;13,0,AB,DE,CABDE,CAB,833,388,34,
2BNQ_ABC_DE,2BNQ,C,9,SLLMWITQV,1;2;3;4;5;6;7;8;9,0,AB,DE,CABDE,CAB,829,385,1,
2E7L_EQ_AD,2E7L,Q,9,QLSPFPFDL,1;2;3;4;5;6;7;8;9,0,E,AD,QEAD,QE,408,184,1,
2J8U_ABC_EF,2J8U,C,9,ALWGFFPVL,1;2;3;4;5;6;7;8;9,0,AB,EF,CABEF,CAB,815,384,2,
2JCC_ABC_EF,2JCC,C,9,ALWGFFPVL,1;2;3;4;5;6;7;8;9,0,AB,EF,CABEF,CAB,815,384,1,
2OI9_AQ_BC,2OI9,Q,9,QLSPFPFDL,1;2;3;4;5;6;7;8;9,0,A,BC,QABC,QA,405,184,1,
2PYE_ABC_DE,2PYE,C,9,SLLMWITQC,1;2;3;4;5;6;7;8;9,0,AB,DE,CABDE,CAB,822,385,5,
2UWE_ABC_EF,2UWE,C,9,ALWGFFPVL,1;2;3;4;5;6;7;8;9,0,AB,EF,CABEF,CAB,815,384,1,
3C60_CD_AB,3C60,D,13,FEAQKAKANKAVD,1;2;3;4;5;6;7;8;9;10;11;12;13,1,C,AB,DCAB,DC,818,383,35,
3D3V_ABC_DE,3D3V,C,9,LLFGFPVYV,1;2;3;4;5;6;7;8;9,0,AB,DE,CABDE,CAB,829,384,9,C5:F2F->PHE
3H9S_ABC_DE,3H9S,C,9,MLWGYLQYV,1;2;3;4;5;6;7;8;9,0,AB,DE,CABDE,CAB,829,384,1,
3PWP_ABC_DE,3PWP,C,9,LGYGFVNYI,1;2;3;4;5;6;7;8;9,0,AB,DE,CABDE,CAB,829,384,2,
3QDJ_ABC_DE,3QDJ,C,9,AAGIGILTV,1;2;3;4;5;6;7;8;9,0,AB,DE,CABDE,CAB,825,384,19,
3QIB_ABP_CD,3QIB,P,13,ADLIAYLKQATKG,2;3;4;5;6;7;8;9;10;11;12;13;14,0,AB,CD,PABCD,PAB,794,358,27,
4FTV_ABC_DE,4FTV,C,9,LLFGYPVYV,1;2;3;4;5;6;7;8;9,0,AB,DE,CABDE,CAB,829,384,18,
4JFD_ABC_DE,4JFD,C,10,ELAAIGILTV,1;2;3;4;5;6;7;8;9;10,0,AB,DE,CABDE,CAB,827,386,7,
4JFE_ABC_DE,4JFE,C,10,ELAGIGALTV,1;2;3;4;5;6;7;8;9;10,0,AB,DE,CABDE,CAB,828,386,7,
4JFF_ABC_DE,4JFF,C,10,ELAGIGILTV,1;2;3;4;5;6;7;8;9;10,0,AB,DE,CABDE,CAB,828,386,7,
4L3E_ABC_DE,4L3E,C,10,ELAGIGILTV,1;2;3;4;5;6;7;8;9;10,0,AB,DE,CABDE,CAB,826,385,13,
4MNQ_ABC_DE,4MNQ,C,9,ILAKFLHWL,1;2;3;4;5;6;7;8;9,0,AB,DE,CABDE,CAB,825,385,17,
4OZG_ABJ_GH,4OZG,J,12,APQPELPYPQPG,2;3;4;5;6;7;8;9;10;11;12;13,0,AB,GH,JABGH,JAB,808,374,12,
4P23_CD_AB,4P23,D,13,FEAQKAKANKAVD,-25;-24;-23;-22;-21;-20;-19;-18;-17;-16;-15;-14;-13,1,C,AB,DCAB,DC,818,380,35,
4P5T_CD_AB,4P5T,D,13,FEAQKAKANKAVD,-25;-24;-23;-22;-21;-20;-19;-18;-17;-16;-15;-14;-13,1,C,AB,DCAB,DC,813,378,35,
5E9D_AB_CDE,5E9D,C,10,ELAGIGILTV,1;2;3;4;5;6;7;8;9;10,0,AB,DE,CABDE,CAB,599,374,16,
