time_ns,rmsd_A
0.0,0.0
0.02,0.7732456941730635
0.04,0.8644610700057027
0.06,0.9152552912038647
0.08,1.0649419688088764
0.1,1.02801728719597
0.12,1.1905895690707893
0.14,1.1380327716549576
0.16,1.0631611678329669
0.18,1.0960246001373297
0.2,1.0334331255529907
0.22,1.1923510454147395
0.24,1.169534176509298
0.26,1.1536659171302015
0.28,1.4171457790099433
0.3,1.4850421267114364
0.32,1.281500096697701
0.34,1.3275099010837101
0.36,1.2971779574456943
0.38,1.0847782890486266
0.4,1.2913568730947844
0.42,1.2049496506249917
0.44,1.3411855312173107
0.46,1.3962128166472618
0.48,1.5537300270774395
0.5,1.6638458366912043
0.52,1.5167643394105188
0.54,1.6220593477885774
0.56,1.569978716300328
0.58,1.479223612731434
0.6,1.3746379063646352
0.62,1.4093984207768984
0.64,1.3079880168531008
0.66,1.5591775883068038
0.68,1.3316594965945674
0.7000000000000001,1.5099524096421622
0.72,1.6168819457146018
0.74,1.515083840856759
0.76,1.4763039019441742
0.78,1.4662076361360448
0.8,1.543847817190147
0.8200000000000001,1.3259051574767502
0.84,1.281333891067897
0.86,1.2637757715015205
0.88,1.355499797148653
0.9,1.4208266310743705
0.92,1.3971349217571838
0.9400000000000001,1.4076605103762756
0.96,1.3119461553033651
0.98,1.3745612955053033
1.0,1.5763685774863854
1.02,1.696215034853647
1.04,1.7406350935507764
1.06,1.6706458668563429
1.08,1.3923463540078989
1.1,1.302409589156517
1.12,1.444751699496133
1.1400000000000001,1.3493909700358564
1.16,1.452338840984682
1.18,1.6069032067613436
1.2,1.7929790629108653
1.22,2.0082790832004336
1.24,2.081163284163266
1.26,2.0393147464217765
1.28,1.9726146552886534
1.3,1.9272238936406272
1.32,1.863304313303098
1.34,1.9269465209267047
1.36,2.0975408496628276
1.3800000000000001,2.1564946178568523
1.4000000000000001,2.318923847108273
1.42,2.3540720693822283
1.44,2.2004844250092295
1.46,2.227884914948646
1.48,1.8656395678460242
1.5,1.7917008832899939
1.52,1.5743638558478557
1.54,1.743065407118301
1.56,1.9955506660773117
1.58,2.130063024430737
1.6,1.9772426221268693
1.62,1.7896696901915028
1.6400000000000001,1.608575768629085
1.6600000000000001,1.4102820248828445
1.68,1.4810679747912658
1.7,1.6018030074093599
1.72,1.5654836387518976
1.74,1.6347924947300725
1.76,1.580020022445222
1.78,1.5499283407835311
1.8,1.4946638524059828
1.82,1.5384315552141143
1.84,1.574301212302891
1.86,1.5054537980474898
1.8800000000000001,1.5532075776394552
1.9000000000000001,1.3210372178651282
1.92,1.3868887317660328
1.94,1.3818501350349863
1.96,1.5395605075398189
1.98,1.5376514619662904
2.0,1.437584758191664
2.02,1.4270801564161424
2.04,1.4254938794030576
2.06,1.6110543903207406
2.08,1.6574614833104104
2.1,1.7050698886634903
2.12,1.767913027841244
2.14,1.7431613848059684
2.16,1.7133680021443738
2.18,1.7696126228767441
2.2,1.8814027034428462
2.22,1.592343800911005
2.24,1.518334746916409
2.2600000000000002,1.6242589854719849
2.2800000000000002,1.469417302203034
2.3000000000000003,1.4487881025360325
2.32,1.5407014716324687
2.34,1.555872622636829
2.36,1.5771725440482625
2.38,1.5426419897466659
2.4,1.6298979056506413
2.42,1.6100535762222066
2.44,1.4856868844472166
2.46,1.352663117000007
2.48,1.329513086431661
2.5,1.4384422916923112
2.52,1.4840920383266356
2.54,1.399262808946883
2.56,1.5366780999365084
2.58,1.5444025915366715
2.6,1.6359443118167496
2.62,1.6569646183953548
2.64,1.6472705393301736
2.66,1.5928058462662367
2.68,1.485435937373465
2.7,1.5160443206398866
2.72,1.4373617336761229
2.74,1.4962797622772557
2.7600000000000002,1.4847847996588153
2.7800000000000002,1.6242010636480166
2.8000000000000003,1.6038724592343765
2.82,1.6499333428261225
2.84,1.6079407277482283
2.86,1.5815593481063797
2.88,1.6304588718692146
2.9,1.7943562289060677
2.92,1.8175630522490933
2.94,1.8496271737835062
2.96,1.7364262430341102
2.98,1.7582222703163526
3.0,1.7448980505174163
3.02,1.7395895685281766
3.04,1.7278652349108419
3.06,1.5937967402163176
3.08,1.6529341771138228
3.1,1.650144928957297
3.12,1.539642188574585
3.14,1.523450421169587
3.16,1.5060812289452625
3.18,1.5551843532264433
3.2,1.565199543871194
3.22,1.5779150735151544
3.24,1.4928642667368173
3.2600000000000002,1.4548607333551995
3.2800000000000002,1.650966670965425
3.3000000000000003,1.6718632727407972
3.3200000000000003,1.6547725047973736
3.34,1.7367922192234573
3.36,1.6832110101456326
3.38,1.744991427577233
3.4,1.7184680551559166
3.42,1.6058299431153873
3.44,1.5238415155084455
3.46,1.469525093776782
3.48,1.529301880079129
3.5,1.4766833326965718
3.52,1.6136497448111844
3.54,1.611157733747481
3.56,1.7506658708599923
3.58,1.6379432631492317
3.6,1.8141594016867788
3.62,1.8659793681534862
3.64,1.5716112146442258
3.66,1.7572288080999445
3.68,1.8411377382315777
3.7,1.818831320044533
3.72,2.132062824820439
3.74,2.0485615582003174
3.7600000000000002,2.0083325083768986
3.7800000000000002,2.1395087435606808
3.8000000000000003,2.3067768286664454
3.8200000000000003,2.263860918723017
3.84,2.0057445728731604
3.86,1.8178425352270113
3.88,1.92853180428534
3.9,2.0339697337013503
3.92,1.973461149449582
3.94,1.812443953036354
3.96,1.7938366357973974
3.98,1.9286622642806126
4.0,1.8846212110408354
4.0200000000000005,1.925944345781754
4.04,1.9501377830896958
4.0600000000000005,1.8966377248629251
4.08,1.8469736856209824
4.1,1.8179347475981376
4.12,1.9239852593260114
4.14,2.0719648735067255
4.16,1.9591531782453144
4.18,2.2249353663248215
4.2,2.263738296904877
4.22,2.1139581930225906
4.24,1.983652073090516
4.26,2.0476672600342134
4.28,2.0530512453427265
4.3,1.7327404975624525
4.32,1.7064552929449373
4.34,1.8516289231127943
4.36,1.94573527602724
4.38,1.9060295954834905
4.4,1.8363421046405546
4.42,1.9259810933504782
4.44,1.8037382314426267
4.46,1.6415362306965182
4.48,1.725215372823487
4.5,1.7183321390338036
4.5200000000000005,1.9216706973492215
4.54,1.9098122458400113
4.5600000000000005,1.768586387194642
4.58,1.8207780248272616
4.6000000000000005,1.7053781803553276
4.62,1.692602077658146
4.64,1.659489469820876
4.66,1.9381703170408384
4.68,1.9656692213769906
4.7,1.8364664777770203
4.72,1.9372941112778514
4.74,1.6612694803041996
4.76,1.541797646990068
4.78,1.6243707138730796
4.8,1.753095635070961
4.82,1.7714627190990713
4.84,1.7932256935893285
4.86,1.8850942114313292
4.88,1.8586921858854155
4.9,1.872287954768321
4.92,1.8986233087266753
4.94,1.9067188851745482
4.96,2.0329568392978943
4.98,2.059634872214836
5.0,2.0450694818214568
5.0200000000000005,1.9690944567621702
5.04,2.078784752558394
5.0600000000000005,2.105083916858769
5.08,2.1070688799515715
5.1000000000000005,1.9601334337762986
5.12,1.9070048186380861
5.14,1.7979000207178544
5.16,1.9996600663188573
5.18,1.9277896296240755
5.2,1.9731983157287227
5.22,2.240040431653441
5.24,2.2067655534621924
5.26,2.11945574402412
5.28,2.177189815526485
5.3,2.4230411927220947
5.32,2.260113052061606
5.34,2.3471183931713036
5.36,2.4499210218023086
5.38,2.428324162581162
5.4,2.4399995715191576
5.42,2.559130281232168
5.44,2.392458181482723
5.46,2.620679681808406
5.48,2.535714717055923
5.5,2.2716612426694143
5.5200000000000005,2.448166739291846
5.54,2.340527199499306
5.5600000000000005,2.3302108401079615
5.58,2.435658725125854
5.6000000000000005,2.2770935725845476
5.62,2.0684588441238105
5.64,2.1775191421792592
5.66,2.0702611713876626
5.68,1.8757907756741643
5.7,1.8221915156656172
5.72,1.7621624364399648
5.74,1.9664489309731028
5.76,1.91483071987196
5.78,2.020276582537136
5.8,2.0633245136162954
5.82,1.9326246167360601
5.84,2.013261017215535
5.86,1.9390385281053282
5.88,1.8812552456015141
5.9,1.934070935600598
5.92,1.9475968790293736
5.94,1.8373790268105836
5.96,1.7409931179811384
5.98,1.959706699370686
6.0,1.8763888623948448
6.0200000000000005,1.8391102774894597
6.04,1.788546360525537
6.0600000000000005,1.836552508371441
6.08,1.8491245469969289
6.1000000000000005,2.1137301408149693
6.12,2.0726158822569603
6.140000000000001,2.1027001162952965
6.16,1.909727902541083
6.18,1.793351255528222
6.2,1.6828298216144528
6.22,1.6362901872588789
6.24,1.6960288325919277
6.26,1.704525783218062
6.28,1.6357688496193368
6.3,1.7767348665066796
6.32,1.6401724169288516
6.34,1.616257582239537
6.36,1.5171130284559995
6.38,1.5593758894419774
6.4,1.735984254214286
6.42,1.6552192174868052
6.44,1.6505047258244248
6.46,1.7950276380783985
6.48,1.7341060096286591
6.5,1.8153020856280158
6.5200000000000005,1.8674342506941228
6.54,1.7400404335713693
6.5600000000000005,1.7125154300445355
6.58,1.756317609244778
6.6000000000000005,1.8358095926946079
6.62,1.8575176385272771
6.640000000000001,1.8595799801211457
6.66,1.7496994493862752
6.68,1.7502394995797308
6.7,1.7763528110906446
6.72,1.790562702401297
6.74,1.845242423567628
6.76,1.9873365138378747
6.78,1.9781448720235337
6.8,2.0399348838666125
6.82,1.9353906626273074
6.84,1.91753476272619
6.86,1.998763516929698
6.88,1.9050318455317954
6.9,1.8063208555124775
6.92,1.7636562265831541
6.94,1.746421148885081
6.96,1.7705266983313284
6.98,1.6506503048236307
7.0,1.6017265269093157
7.0200000000000005,1.6714426757310406
7.04,1.619188266582165
7.0600000000000005,1.6871002364004244
7.08,1.7787718814044076
7.1000000000000005,1.772812664265618
7.12,1.9607962485918082
7.140000000000001,1.9071466750504207
7.16,1.8540778412386405
7.18,1.8292056343537288
7.2,1.6955406577886936
7.22,1.744336008225032
7.24,1.816555491414544
7.26,1.8949166604257228
7.28,2.0626592647603825
7.3,2.022546714393925
7.32,2.1586193367960367
7.34,2.003793148448606
7.36,1.9358519185389775
7.38,1.9020421146912652
7.4,1.7014240919740604
7.42,1.6740875389169823
7.44,1.7833935020796228
7.46,1.853469622857295
7.48,1.8450170092154188
7.5,1.8550396850359336
7.5200000000000005,1.8685229913577879
7.54,1.732029876444611
7.5600000000000005,1.758564289314534
7.58,1.9990837401647152
7.6000000000000005,1.899342697407044
7.62,1.7873346580254021
7.640000000000001,1.87934919989612
7.66,1.6781073249755902
7.68,1.6915607608445284
7.7,1.7126515078024325
7.72,1.7814840501557807
7.74,1.7088770811840328
7.76,1.7660310947484572
7.78,1.756821231071963
7.8,1.781327907364455
7.82,1.8399782731344996
7.84,1.713345274959765
7.86,1.6975747924272115
7.88,1.7156360633963015
7.9,1.8431951627334866
7.92,1.8777359179652795
7.94,1.800360416089087
7.96,1.753151782316474
7.98,1.752686944610192
8.0,1.7737006713785857
8.02,1.714012420835549
8.040000000000001,1.780232840169148
8.06,1.7841098479690238
8.08,1.786839741019141
8.1,1.7768637684929116
8.120000000000001,1.7684746227227142
8.14,1.653486931824057
8.16,1.6544827558620707
8.18,1.7351196714432517
8.2,1.8629144521949683
8.22,1.763935521466628
8.24,1.711878874311075
8.26,1.8377696608455207
8.28,1.8916512595901063
8.3,1.8181091780194745
8.32,1.8891585639136954
8.34,1.870758708075192
8.36,1.8507851144076706
8.38,2.018072819097294
8.4,2.0461477296190926
8.42,2.1651602006864654
8.44,2.0171934255402424
8.46,2.2235187622924264
8.48,2.1803898209949053
8.5,2.1346857160286414
8.52,2.097356703950921
8.540000000000001,1.9469708838995443
8.56,2.019288822644688
8.58,1.966975100423762
8.6,2.034859942940304
8.620000000000001,1.9053700593707654
8.64,2.0737503968913615
8.66,2.011201948167789
8.68,1.8338665524415894
8.700000000000001,1.8105968186987222
8.72,1.9602474699234844
8.74,1.9484920567906183
8.76,2.0304376664043224
8.78,2.264859944384772
8.8,2.0660585547031185
8.82,2.0008424910509386
8.84,2.060099198549402
8.86,2.1677771038260456
8.88,2.3221267562205794
8.9,2.2039722998233557
8.92,2.3889811451287755
8.94,2.3060247117006227
8.96,2.1746877812565404
8.98,2.1590890631733006
9.0,2.0995713533040026
9.02,1.9681708976201204
9.040000000000001,2.1533364521474407
9.06,2.179657263421084
9.08,2.1348254761179266
9.1,2.1827358185702384
9.120000000000001,2.2281115924382338
9.14,2.3715103940148206
9.16,2.427387563799764
9.18,2.447553022331538
9.200000000000001,2.5684114849382675
9.22,2.5820313015084078
9.24,2.7342137497807895
9.26,2.4669892168315988
9.28,2.623444956087147
9.3,2.4892965471527124
9.32,2.360192059036745
9.34,2.457536500513204
9.36,2.4268855526567887
9.38,2.367917039780595
9.4,2.420370708025015
9.42,2.442211292849544
9.44,2.550472839816814
9.46,2.455792238621214
9.48,2.3204581125167323
9.5,2.3937829660905594
9.52,2.365184313521799
9.540000000000001,2.4359743242592535
9.56,2.5084911872807476
9.58,2.5805088327568475
9.6,2.4113489975203644
9.620000000000001,2.275266927548929
9.64,2.3687114503924533
9.66,2.355427432687272
9.68,2.306572838088198
9.700000000000001,2.065807373124744
9.72,2.11390241722156
9.74,2.1516678149064177
9.76,2.1558865003254124
9.78,2.1741821703471578
9.8,2.218295229656645
9.82,2.1406059846167396
9.84,2.1816666328172016
9.86,2.0617885298593297
9.88,1.9781777437100976
9.9,2.1494279780626
9.92,2.1635544346556728
9.94,2.043799290787119
9.96,2.020708991603004
9.98,1.999970055387383
10.0,1.94137430674656
10.02,1.8720231159974403
10.040000000000001,1.997655184703076
10.06,2.0094806435638906
10.08,1.9490716559687298
10.1,2.0164769487183407
10.120000000000001,2.02680513301679
10.14,2.0104896115783424
10.16,2.119878224069875
10.18,2.1566106065750588
10.200000000000001,2.1307913834400707
10.22,2.1465252292733887
10.24,2.3322135200395357
10.26,2.1345135052521353
10.28,2.0802964273629274
10.3,2.136326121355353
10.32,2.1719814911696305
10.34,1.9641641518653792
10.36,1.9626077718092183
10.38,2.1072268742385862
10.4,2.2521152526158246
10.42,2.2219778337940914
10.44,2.150170169696396
10.46,1.9595449956686035
10.48,1.9569067331921033
10.5,1.9336038964457956
10.52,2.056651951601482
10.540000000000001,2.033003862422326
10.56,2.079987900348212
10.58,2.0120883013289963
10.6,1.9787486401885686
10.620000000000001,2.0000014643050243
10.64,2.021732339270616
10.66,2.0831843365120952
10.68,2.0413805925635207
10.700000000000001,2.074030940766195
10.72,2.053634118885902
10.74,2.0689611954757723
10.76,2.0454709513810827
10.78,2.080979684012656
10.8,2.10312144784465
10.82,1.9967007470242757
10.84,2.03608977843712
10.86,1.8824809134006228
10.88,1.9230140294654783
10.9,1.924086037994287
10.92,2.036140153427211
10.94,2.056264088615344
10.96,1.856388660817572
10.98,1.8386438987567295
11.0,1.898555866292414
11.02,1.8744394343910664
11.040000000000001,1.8881366396686665
11.06,1.9677923298227933
11.08,1.9887937445930683
11.1,2.1344469764515845
11.120000000000001,2.076826795136275
11.14,2.086747872753382
11.16,2.1970006497994636
11.18,2.270017076282405
11.200000000000001,2.160317687006405
11.22,2.0473732249380148
11.24,2.105123446120085
11.26,2.157988540785007
11.28,2.087226937439301
11.3,1.8851606914700387
11.32,1.9417062589318348
11.34,2.052097679389854
11.36,2.133525434691408
11.38,2.047031919262082
11.4,2.0573728494238392
11.42,2.2094651904297513
11.44,2.129023397371707
11.46,2.0960858853063358
11.48,2.0733371387939368
11.5,2.1090607810632753
11.52,2.0757442362008
11.540000000000001,1.9454784164427608
11.56,2.100364625356175
11.58,2.058406467696481
11.6,2.1089420138470514
11.620000000000001,2.1166440164483804
11.64,2.196276886642639
11.66,2.195440114676111
11.68,2.201919414533851
11.700000000000001,2.211029628580352
11.72,2.281928989267731
11.74,2.3985791253351687
11.76,2.360322602775964
11.78,2.2882697696127687
11.8,2.265494071759084
11.82,2.274160945474951
11.84,2.4379267151274977
11.86,2.5444015360303447
11.88,2.6019515441439935
11.9,2.5346160474057418
11.92,2.572775595263714
11.94,2.499965107632612
11.96,2.7689131197536976
11.98,2.89628388323299
12.0,3.16326330306227
12.02,3.029948236454219
12.040000000000001,2.82546566285262
12.06,2.777620196118125
12.08,2.913687814165986
12.1,2.8506775395355515
12.120000000000001,2.8907165858509556
12.14,2.652676578517945
12.16,2.4999209174438928
12.18,2.5982096358410547
12.200000000000001,2.3741066114457223
12.22,2.310022379740839
12.24,2.1399968526054476
12.26,1.9557785764040843
12.280000000000001,2.031064002523883
12.3,2.01798834416231
12.32,2.126777342019623
12.34,2.276785252975416
12.36,2.2478113285980608
12.38,2.3026198177871677
12.4,2.348543737257401
12.42,2.1576677675993516
12.44,2.1798243919922493
12.46,2.3048492902794404
12.48,2.2196363223264863
12.5,2.2937897518134815
12.52,2.2397773294776524
12.540000000000001,2.3021504118449845
12.56,2.297598903256291
12.58,2.2643754337994495
12.6,2.3483965912681017
12.620000000000001,2.4383904328911212
12.64,2.4110482040501817
12.66,2.1856233457724255
12.68,2.379367144830021
12.700000000000001,2.287020431103451
12.72,2.4982970414042236
12.74,2.5903912444394983
12.76,2.5173941818462637
12.780000000000001,2.761050522528824
12.8,2.8023901647006815
12.82,2.8196873424704876
12.84,2.770807946730938
12.86,2.5095587054301745
12.88,2.3647557869621485
12.9,2.5466580832329138
12.92,2.2946768567106317
12.94,2.263158965903512
12.96,2.4357737739615652
12.98,2.3019205596408074
13.0,2.4539899220727386
13.02,2.3052907395326296
13.040000000000001,2.4337942484126094
13.06,2.4510142662354695
13.08,2.358786190008725
13.1,2.203425223495207
13.120000000000001,2.3217300496571123
13.14,2.362743105550012
13.16,2.4130569881016997
13.18,2.2966895350153536
13.200000000000001,2.321206108339673
13.22,2.3028845157092164
13.24,2.3494878094472127
13.26,2.221460196770499
13.280000000000001,2.3190783382502644
13.3,2.3039582604333333
13.32,2.3094926731852414
13.34,2.197420305685219
13.36,2.1510288312015557
13.38,2.182121318907098
13.4,2.1020166658349315
13.42,2.2074715394653874
13.44,2.2604216063085283
13.46,2.247159021953333
13.48,2.2121202512660734
13.5,2.156885033537544
13.52,2.1298357711147573
13.540000000000001,2.2515997729019794
13.56,2.3645323264589075
13.58,2.342102150954501
13.6,2.2170503446799894
13.620000000000001,2.1166018168947254
13.64,2.129703637739009
13.66,2.151140137066028
13.68,2.1653499635443856
13.700000000000001,2.2028904242545795
13.72,2.2269777611469035
13.74,2.1456550624419375
13.76,2.110521273237213
13.780000000000001,2.0430255274168023
13.8,2.3102103608284827
13.82,2.3443904143181222
13.84,2.6390600996815365
13.86,2.4938770872858074
13.88,2.436733916169957
13.9,2.496062038622456
13.92,2.493017316836981
13.94,2.6023591495703164
13.96,2.5094747285821923
13.98,2.6270526594122448
14.0,2.472261121818677
14.02,2.555665299334368
14.040000000000001,2.7475861554705663
14.06,2.6778529722163023
14.08,2.5368615803001804
14.1,2.4426896270592193
14.120000000000001,2.3997954396820935
14.14,2.369449766659916
14.16,2.5413190334242484
14.18,2.450134961254958
14.200000000000001,2.3837482791438465
14.22,2.375523516806086
14.24,2.351175394143906
14.26,2.3495401294763707
14.280000000000001,2.3978793835009844
14.3,2.3305242954903447
14.32,2.3284137546855965
14.34,2.2784438516040812
14.36,2.165478620122947
14.38,2.40408399664513
14.4,2.2795351848090046
14.42,2.231751810530898
14.44,2.202427220710397
14.46,2.2784015329237333
14.48,2.383225045312663
14.5,2.4397199748120277
14.52,2.4645685705765703
14.540000000000001,2.3401049855163034
14.56,2.247293093105423
14.58,2.1890529107076753
14.6,2.2134368273227643
14.620000000000001,2.4061158634851894
14.64,2.1835243246023213
14.66,2.185152620175829
14.68,2.263782105756335
14.700000000000001,2.2245517158191497
14.72,2.376468798982827
14.74,2.311884297105328
14.76,2.160223842993704
14.780000000000001,2.090468574078025
14.8,2.188657487243989
14.82,2.2544086528987966
14.84,2.4336698572924207
14.86,2.466888182303451
14.88,2.432177124169933
14.9,2.4370826368249703
14.92,2.415923535537403
14.94,2.468924355704525
14.96,2.325472855746641
14.98,2.453689351017995
15.0,2.6403833447281153
15.02,2.55098723475084
15.040000000000001,2.74980972933664
15.06,2.702748538476119
15.08,2.8320981290765967
15.1,2.736921333055146
15.120000000000001,2.756561021992981
15.14,2.648428016073995
15.16,2.4660267894379135
15.18,2.429625308698928
15.200000000000001,2.607634184184721
15.22,2.7128426509568557
15.24,2.746786705697988
15.26,2.5729611082418007
15.280000000000001,2.5357205525509063
15.3,2.648787760648362
15.32,2.55616690725151
15.34,2.6079724208939643
15.36,2.4312666896179027
15.38,2.46634794551084
15.4,2.6557816830887466
15.42,2.7983101364489507
15.44,2.7579136192070393
15.46,2.8980843454361613
15.48,2.527630014268644
15.5,2.641268091582934
15.52,2.652760814886315
15.540000000000001,2.662542904874577
15.56,2.4594671150024814
15.58,2.5401417144279064
15.6,2.427605380033711
15.620000000000001,2.3409351125684568
15.64,2.5372242751957677
15.66,2.5298706585359416
15.68,2.481917718486804
15.700000000000001,2.340666344645259
15.72,2.2956747462180003
15.74,2.179814311887475
15.76,2.308202840769876
15.780000000000001,2.4509807943618953
15.8,2.3896802074182406
15.82,2.1888065947777466
15.84,2.1963392606880148
15.860000000000001,2.3004229521868442
15.88,2.3711295830727073
15.9,2.3731980962226795
15.92,2.467327461610546
15.94,2.4370114998374457
15.96,2.3334070916487137
15.98,2.3344410670466393
16.0,2.370010325234512
16.02,2.30348696872448
16.04,2.1295393188219354
16.06,2.2508656826660136
16.080000000000002,2.2012457904477563
16.1,2.3322531353089873
16.12,2.310340050553468
16.14,2.34421438295014
16.16,2.505119895176617
16.18,2.704498398352392
16.2,2.6441534945529725
16.22,2.710010073211615
16.240000000000002,2.80254490842366
16.26,2.9101255351493904
16.28,2.824274352321085
16.3,2.9131405199773037
16.32,2.65115719020683
16.34,2.415833191660107
16.36,2.620351137550723
16.38,2.7238565888720756
16.4,2.5010242381803063
16.42,2.6982230101590776
16.44,2.5568170054333197
16.46,2.4310554381942127
16.48,2.562137782449179
16.5,2.711008626127594
16.52,2.7443648886148697
16.54,2.506849809129164
16.56,2.6636862225395115
16.580000000000002,2.7273689405463157
16.6,2.7640172934361225
16.62,2.759972374147271
16.64,2.724260582055894
16.66,2.737880289664172
16.68,2.5078824465173497
16.7,2.422743353612908
16.72,2.653244082061788
16.740000000000002,2.612023923235234
16.76,2.6222253560594364
16.78,2.674589316114256
16.8,2.734141710050598
16.82,2.7479454437046167
16.84,2.5026032629885786
16.86,2.49040019938403
16.88,2.2878281859864384
16.9,2.2896635205150724
16.92,2.253996948042344
16.94,2.2790630126348645
16.96,2.326867875729347
16.98,2.37325935833888
17.0,2.23099579292229
17.02,2.2832882568294064
17.04,2.26735570586314
17.06,2.2890955827383763
17.080000000000002,2.2983045149399373
17.1,2.2228461997080706
17.12,2.3023704306787454
17.14,2.3132962891388007
17.16,2.2744154274846156
17.18,2.165718745799949
17.2,2.3536305525256993
17.22,2.3674711763031535
17.240000000000002,2.4546147256741455
17.26,2.476220875942143
17.28,2.3816292193813564
17.3,2.232985185270764
17.32,2.450726692160284
17.34,2.27042784091383
17.36,2.2869743818711177
17.38,2.111889834680093
17.400000000000002,2.172668988541286
17.42,2.112100244186725
17.44,2.102896677129356
17.46,2.147354351209893
17.48,2.069573644615164
17.5,2.066492526733095
17.52,2.18685507272077
17.54,2.1781831629503814
17.56,2.328373066334563
17.580000000000002,2.416031369299248
17.6,2.416309683767254
17.62,2.3555048472706024
17.64,2.1826388205811615
17.66,2.2282231167860327
17.68,2.3124580903971426
17.7,2.4021877312607196
17.72,2.527585049927167
17.740000000000002,2.6063669806865124
17.76,2.6444211769382004
17.78,2.5867703467435557
17.8,2.556587387041489
17.82,2.4393779149490324
17.84,2.423399801389041
17.86,2.434551559150374
17.88,2.6416216695911525
17.900000000000002,2.5505120141425635
17.92,2.4795649767111754
17.94,2.5702225551168003
17.96,2.552593780404822
17.98,2.6289421286422003
18.0,2.76875212495637
18.02,2.7943885717059502
18.04,2.632979257765783
18.06,2.649348055384723
18.080000000000002,2.871002336886713
18.1,2.736311351461196
18.12,2.6656344978001054
18.14,2.5040997622695254
18.16,2.6823197482554986
18.18,2.6354223551805025
18.2,2.7387735142863217
18.22,2.644333803614884
18.240000000000002,2.697615329219918
18.26,2.72538992973179
18.28,2.7880697855867975
18.3,2.8382104586031005
18.32,2.6132248643661837
18.34,2.6180153656525444
18.36,2.616808458801884
18.38,2.64205145065341
18.400000000000002,2.7435567034031068
18.42,2.6638526543374423
18.44,2.5731455981143414
18.46,2.533423133099767
18.48,2.555290796949849
18.5,2.5067270423731607
18.52,2.3815524946129347
18.54,2.4470346828677942
18.56,2.6013662624230576
18.580000000000002,2.524889337453463
18.6,2.443634782473692
18.62,2.6222789595204015
18.64,2.550133102126678
18.66,2.671155118206261
18.68,2.3900445183752637
18.7,2.5884551124047195
18.72,2.5206815724764313
18.740000000000002,2.3459242460530536
18.76,2.328749222256728
18.78,2.1402133868957773
18.8,2.1820428228910567
18.82,2.151252327877687
18.84,2.181310894754557
18.86,2.3309907447248475
18.88,2.436127002727214
18.900000000000002,2.498998242841895
18.92,2.4561615006757056
18.94,2.32708654082759
18.96,2.5006275977851184
18.98,2.3733320160366635
19.0,2.1469981722208775
19.02,2.181729262559145
19.04,2.2093679936314796
19.06,2.2334833266257204
19.080000000000002,2.1395695862064477
19.1,2.1490988423115827
19.12,2.2319380350420808
19.14,2.1708704061501396
19.16,2.1179285677390367
19.18,1.9996214385708075
19.2,2.0900730776165686
19.22,2.138855201555662
19.240000000000002,2.185431254898092
19.26,2.201296126548336
19.28,2.2836760181137024
19.3,2.0596576874040298
19.32,2.2809125708787605
19.34,2.0842254631442607
19.36,2.2444265209787435
19.38,2.2469653958098297
19.400000000000002,2.3186762627062762
19.42,2.339211239058279
19.44,2.240826960194214
19.46,2.1870913742752713
19.48,2.357531893074439
19.5,2.538203021224234
19.52,2.711030863353714
19.54,2.645229685828793
19.56,2.4975396252923603
19.580000000000002,2.598191470281995
19.6,2.5407656007735193
19.62,2.5933399669240624
19.64,2.5677344564565443
19.66,2.4529900598332857
19.68,2.644493064367633
19.7,2.580169336853577
19.72,2.603282978557668
19.740000000000002,2.6966514414828304
19.76,2.5398012255497635
19.78,2.4457094262628614
19.8,2.3653673316333523
19.82,2.508248450309571
19.84,2.532191554634275
19.86,2.682128855305638
19.88,2.737273063551631
19.900000000000002,2.7147318164641243
19.92,2.6205223201711187
19.94,2.5972115045542923
19.96,2.7058793970881037
19.98,2.466140804795842
20.0,2.5306477772996887
20.02,2.5675096849177814
20.04,2.462353454644317
20.06,2.4590967241559767
20.080000000000002,2.349587433296214
20.1,2.2781330272778892
20.12,2.083094311591406
20.14,2.3617142657678607
20.16,2.367774721194984
20.18,2.392897181363314
20.2,2.3733163759534137
20.22,2.463238016325087
20.240000000000002,2.6038310550583788
20.26,2.5858178388575754
20.28,2.452575279788262
20.3,2.2717671551709215
20.32,2.2190459315184796
20.34,2.234379995235844
20.36,2.283137016087397
20.38,2.264521766489207
20.400000000000002,2.300225911795431
20.42,2.3685510054285897
20.44,2.367463306589372
20.46,2.196359939568467
20.48,2.2215669930414363
20.5,2.332332800395439
20.52,2.3173803123667667
20.54,2.45952559129917
20.56,2.461454952621015
20.580000000000002,2.6585806364634665
20.6,2.689265756877713
20.62,2.7819818592634222
20.64,2.619647126222445
20.66,2.6942579798661406
20.68,2.689605972137916
20.7,2.7807063883787615
20.72,2.581471074772143
20.740000000000002,2.4710636503945604
20.76,2.5304953473925584
20.78,2.4710536354737953
20.8,2.4854011579485955
20.82,2.463552129186843
20.84,2.3187409936028445
20.86,2.3355950313019793
20.88,2.4239400674945926
20.900000000000002,2.3652482906760586
20.92,2.2735048576172283
20.94,2.3550086027172634
20.96,2.3592928273338925
20.98,2.4079329686248827
21.0,2.3511150510637324
21.02,2.2723020032364603
21.04,2.2028973426070304
21.06,2.1177337973385617
21.080000000000002,2.19126922386879
21.1,2.0558813108290956
21.12,2.131779175875961
21.14,2.269841699186863
21.16,2.3701686981131864
21.18,2.3388462140733153
21.2,2.2929557690083953
21.22,2.4155157493407744
21.240000000000002,2.45987275242501
21.26,2.5672439673110854
21.28,2.448528082828769
21.3,2.2892146244880585
21.32,2.4491745609570827
21.34,2.3449565746413836
21.36,2.455295219627717
21.38,2.4084773472123295
21.400000000000002,2.5899531380768677
21.42,2.377830626687236
21.44,2.4031445858819844
21.46,2.3243929674548385
21.48,2.1810786784437335
21.5,2.2636620090466737
21.52,2.2747805060398893
21.54,2.241939928695329
21.56,2.3448325234876943
21.580000000000002,2.4748633772038002
21.6,2.4472706717405583
21.62,2.5131378322146616
21.64,2.475522771421637
21.66,2.5550400228335945
21.68,2.5218291307515637
21.7,2.3519026400167835
21.72,2.408981859967251
21.740000000000002,2.439057420184842
21.76,2.4949853904100645
21.78,2.53724243965458
21.8,2.5219402470904817
21.82,2.2708771394940084
21.84,2.495121051149972
21.86,2.5511921650829006
21.88,2.402769445764131
21.900000000000002,2.5731491965999083
21.92,2.5242844168251835
21.94,2.4192909477438005
21.96,2.3281043003076243
21.98,2.568602864132518
22.0,2.4673616964384992
22.02,2.3651237158662157
22.04,2.4561742419296957
22.06,2.4214818136739957
22.080000000000002,2.444856238317619
22.1,2.6036299437242545
22.12,2.776513251503735
22.14,2.698519909603892
22.16,2.7029692290909137
22.18,2.566451366131162
22.2,2.5880264128103287
22.22,2.494415771948211
22.240000000000002,2.3758798652871267
22.26,2.335936701133602
22.28,2.3687116845643943
22.3,2.596324810447904
22.32,2.5421155280858447
22.34,2.6227557179917995
22.36,2.719878296763837
22.38,2.6793171387855668
22.400000000000002,2.702919190902839
22.42,2.688726439712422
22.44,2.898092680900138
22.46,2.7409504687958655
22.48,2.9529782961479025
22.5,2.9292110908086864
22.52,3.0034055120199814
22.54,2.9053983281174536
22.56,3.095496260247362
22.580000000000002,3.0129661593741046
22.6,2.974371562208486
22.62,2.8624673409771235
22.64,2.998090034365348
22.66,2.90717960510034
22.68,2.854165448398031
22.7,3.0209028035097103
22.72,3.06163360214755
22.740000000000002,2.9328397220306774
22.76,3.0509454129593756
22.78,3.111862094789381
22.8,2.998266705291751
22.82,2.9569867037307116
22.84,3.0008709312186643
22.86,3.142713112530723
22.88,3.069106466817986
22.900000000000002,2.891470231877479
22.92,3.1011463773562924
22.94,2.996695218052626
22.96,2.9894682501724685
22.98,2.883582977018965
23.0,2.757128533767746
23.02,2.9322899276384295
23.04,2.9493320705749477
23.06,2.933483141738511
23.080000000000002,3.037615841093081
23.1,2.9871668784237713
23.12,2.901764067299471
23.14,2.834300473920607
23.16,2.8311282355365592
23.18,2.5481786779279676
23.2,2.6918059827305227
23.22,2.5030209477749974
23.240000000000002,2.3702943420223472
23.26,2.4416100436557793
23.28,2.4037924325518243
23.3,2.4967369402449715
23.32,2.722958439673203
23.34,2.7366532458725445
23.36,2.5273972545404275
23.38,2.571241865992911
23.400000000000002,2.605341831365321
23.42,2.5847197410597524
23.44,2.4206421446806545
23.46,2.4438379212504113
23.48,2.467862777184869
23.5,2.4116515714300633
23.52,2.42748328597011
23.54,2.3849463227739087
23.56,2.2874570901979627
23.580000000000002,2.2898263783646797
23.6,2.2047910948127067
23.62,2.2003900843645248
23.64,2.191775144942065
23.66,2.2006444451957816
23.68,2.192636584426747
23.7,2.344786130561551
23.72,2.315219179158743
23.740000000000002,2.476228530157434
23.76,2.401247437463947
23.78,2.28588018660096
23.8,2.3471386361624296
23.82,2.4845340368706745
23.84,2.5051215269231473
23.86,2.791418108743592
23.88,2.855933176245261
23.900000000000002,2.711123443322742
23.92,2.4472209782918264
23.94,2.4197784541308556
23.96,2.225177736820653
23.98,2.258176958342853
24.0,2.2205062686381494
24.02,2.2180606769959312
24.04,2.1728656448323065
24.060000000000002,2.1985142320324447
24.080000000000002,2.122588439042259
24.1,2.1500606751894322
24.12,2.0941611786876906
24.14,2.1956987593583315
24.16,2.172593560252767
24.18,2.0848681894516408
24.2,1.9489216681073047
24.22,1.9296987706219835
24.240000000000002,1.8282735681909044
24.26,1.8951568543782074
24.28,1.976924263113849
24.3,1.9642561909320426
24.32,2.058356097171537
24.34,2.2132019639306195
24.36,2.1527911600018546
24.38,2.0523879475142643
24.400000000000002,2.0415626499963344
24.42,2.0406035585042726
24.44,1.9577257606107705
24.46,1.9934037367112234
24.48,1.9032356270770332
24.5,1.9925094302290607
24.52,2.1445522587775248
24.54,2.107009562564243
24.560000000000002,2.2225106156742114
24.580000000000002,2.2455743085269426
24.6,2.2104732471880904
24.62,2.3536574954919787
24.64,2.3872621160310743
24.66,2.2708259244581614
24.68,2.3389068162939064
24.7,2.3443927858417823
24.72,2.4323860858011916
24.740000000000002,2.34805546923531
24.76,2.33001372387014
24.78,2.1768404917295636
24.8,2.2599770496921625
24.82,2.3324523966662998
24.84,2.432150783465621
24.86,2.196014315276672
24.88,2.2513023484866235
24.900000000000002,2.096371668122816
24.92,2.1084419098311096
24.94,1.9845768548105704
24.96,1.9454446418522813
24.98,2.170934051419557
25.0,1.9026849621743134
25.02,1.9596579053896448
25.04,2.1022321643151733
25.060000000000002,2.136936405430355
25.080000000000002,2.2641922294104013
25.1,2.2665791027398003
25.12,2.2364243086869964
25.14,2.322356468433505
25.16,2.36907935155342
25.18,2.40211175513869
25.2,2.3233056874522378
25.22,2.411122541763426
25.240000000000002,2.3094002923495207
25.26,2.2236481007512046
25.28,2.29021527386762
25.3,2.351381805316309
25.32,2.2845253602522235
25.34,2.130064841746553
25.36,2.3249844278133374
25.38,2.4067146911032435
25.400000000000002,2.2673678945614144
25.42,2.2058258834938056
25.44,2.1878553192642114
25.46,2.2100737270924284
25.48,2.3077678095449854
25.5,2.4525922510572657
25.52,2.441925594517542
25.54,2.1890866196384113
25.560000000000002,2.1814415866638357
25.580000000000002,2.202291015480261
25.6,2.3420927474400832
25.62,2.3340127037212897
25.64,2.453027009415085
25.66,2.4732845924371305
25.68,2.3832641842346183
25.7,2.403067486697609
25.72,2.2373181560128126
25.740000000000002,2.1405453314095406
25.76,2.2813469075559056
25.78,2.2834314131488656
25.8,2.2010480526439267
25.82,2.1831078297098117
25.84,1.9842644642910705
25.86,2.028161994357786
25.88,2.1747711822696414
25.900000000000002,2.207440226135381
25.92,2.286961863939167
25.94,2.3230558502737884
25.96,2.1219692019472363
25.98,2.0426307963875634
26.0,2.062637618022479
26.02,2.0721751728901214
26.04,2.1472888003567485
26.060000000000002,2.262656784498228
26.080000000000002,2.2307523993448855
26.1,2.2607667183587914
26.12,2.2650858339496343
26.14,2.3543684533815608
26.16,2.3112033162606362
26.18,2.2053742716237537
26.2,2.113179332559084
26.22,2.1690502957065165
26.240000000000002,1.9743076765946266
26.26,2.0672708261240906
26.28,2.160029127182366
26.3,2.0585366314454854
26.32,2.19767781846696
26.34,2.269285188883907
26.36,2.3073665341109395
26.38,2.1891244114153237
26.400000000000002,2.258358136305327
26.42,2.1996774602547773
26.44,2.146869564562289
26.46,2.1095618470789117
26.48,2.1718859623333913
26.5,2.200159222410252
26.52,2.255653489228596
26.54,2.1782667714105464
26.560000000000002,2.1048532892586196
26.580000000000002,2.0751250430467505
26.6,2.0169695207582046
26.62,2.195320488887771
26.64,2.0496187712462177
26.66,1.9974490383541612
26.68,1.8536231045127558
26.7,1.9701391531208314
26.72,2.0826008734953523
26.740000000000002,2.1544150052465296
26.76,2.211194351031984
26.78,2.18379857368531
26.8,2.3808665763413943
26.82,2.352986465613785
26.84,2.340290639093889
26.86,2.393465963533824
26.88,2.280481471124341
26.900000000000002,2.2397118201713995
26.92,2.144737083133302
26.94,2.2339143655386295
26.96,2.291996911027116
26.98,2.362703375593899
27.0,2.473542974756823
27.02,2.6347239978611836
27.04,2.546464309264521
27.060000000000002,2.511261125197188
27.080000000000002,2.4018175405467805
27.1,2.422991630822979
27.12,2.3971123248618182
27.14,2.27985484764746
27.16,2.3929195486734556
27.18,2.3819666269847666
27.2,2.3813261727587642
27.22,2.455465948146629
27.240000000000002,2.62853515612774
27.26,2.694964116365494
27.28,2.547431899707837
27.3,2.4035189606350564
27.32,2.4969308821684955
27.34,2.435060069598436
27.36,2.589730798995645
27.38,2.501887864824763
27.400000000000002,2.300577591982032
27.42,2.4002948705363867
27.44,2.3791761133943434
27.46,2.531357648825502
27.48,2.3637572750493643
27.5,2.353249740757175
27.52,2.4330800329983253
27.54,2.1548130260084686
27.560000000000002,2.2631917412795217
27.580000000000002,2.442778293480993
27.6,2.2868992268394512
27.62,2.2180523551160025
27.64,2.3348720262211806
27.66,2.3659794475436278
27.68,2.3389573293965795
27.7,2.3588913074692766
27.72,2.1903328722119957
27.740000000000002,2.1132049629390726
27.76,2.2967617819643698
27.78,2.385540161643805
27.8,2.487506314732274
27.82,2.414366105700129
27.84,2.307394109475922
27.86,2.4129742305017916
27.88,2.2059925367872624
27.900000000000002,2.198830607328385
27.92,2.3331554948509945
27.94,2.3871820252129203
27.96,2.1923716132055664
27.98,2.2858683047750294
28.0,2.1561217101094843
28.02,2.190296201161484
28.04,2.306762137706207
28.060000000000002,2.1542335697102386
28.080000000000002,2.169063263180917
28.1,2.1261422428873984
28.12,2.0829121751310087
28.14,1.9824846925235944
28.16,2.006536680544637
28.18,2.0303462560353003
28.2,2.079480541717239
28.22,2.107312378462165
28.240000000000002,2.1350444043742156
28.26,1.9872501580120214
28.28,2.0606291555708864
28.3,2.0644535607161374
28.32,2.043313011626095
28.34,1.9470702059484422
28.36,1.9654980622422227
28.38,2.1971164720557086
28.400000000000002,2.3286303797282066
28.42,2.3757224696156634
28.44,2.4545744348124283
28.46,2.355292683103389
28.48,2.428021746299183
28.5,2.313287506167034
28.52,2.418899371645397
28.54,2.479162353414168
28.560000000000002,2.5593076949538833
28.580000000000002,2.632003703951741
28.6,2.5870113253693137
28.62,2.628449988531257
28.64,2.5704370582002785
28.66,2.442466469007538
28.68,2.274801808646302
28.7,2.345613939752597
28.72,2.298860960449332
28.740000000000002,2.328600289321524
28.76,2.3802779171983364
28.78,2.460844597768699
28.8,2.605579886184331
28.82,2.60815010856642
28.84,2.5611841997722
28.86,2.69828158890409
28.88,2.617943205732994
28.900000000000002,2.5697991805678218
28.92,2.3747324925773223
28.94,2.309438588359777
28.96,2.4125417903865225
28.98,2.3596882963167736
29.0,2.3534212462719517
29.02,2.5344495317555613
29.04,2.562180853219325
29.060000000000002,2.5822912726491123
29.080000000000002,2.4791526543454365
29.1,2.688663852648471
29.12,2.549783163407746
29.14,2.5385523867096635
29.16,2.584701747568708
29.18,2.525254093667872
29.2,2.621787676935559
29.22,2.682383880580326
29.240000000000002,2.7863510652382786
29.26,2.5508066865093344
29.28,2.422278470963607
29.3,2.231665713614345
29.32,2.273450576899092
29.34,2.3425393685157463
29.36,2.5086615316001315
29.38,2.39923648332132
29.400000000000002,2.529763574813374
29.42,2.544822662150273
29.44,2.590888363470616
29.46,2.5147090769829115
29.48,2.524772808379387
29.5,2.5581219072134354
29.52,2.581969757625561
29.54,2.4741513742538284
29.560000000000002,2.6745408890082687
29.580000000000002,2.5238593380694274
29.6,2.3343478130628936
29.62,2.344741406546062
29.64,2.382307310430889
29.66,2.29385921527204
29.68,2.2522508071889353
29.7,2.205980665165735
29.72,2.3002250132517363
29.740000000000002,2.3366354950391313
29.76,2.379750842036451
29.78,2.3928715294041014
29.8,2.3470306172638096
29.82,2.373864097025965
29.84,2.51268490534943
29.86,2.577484669939446
29.88,2.426093406878036
29.900000000000002,2.5154254728535372
29.92,2.4593472118858166
29.94,2.4809556823352223
29.96,2.5691819844592736
29.98,2.4553497103789863
30.0,2.6778115464001346
30.02,2.6404369249087716
30.04,2.811325585227023
30.060000000000002,2.4289437445123196
30.080000000000002,2.4198553107405387
30.1,2.2689857360863765
30.12,2.3062684402846685
30.14,2.2597694918450304
30.16,2.439218597934961
30.18,2.2065709030066216
30.2,2.2353856402029275
30.22,2.3304000870698567
30.240000000000002,2.4450596440141177
30.26,2.6026173969484505
30.28,2.4019684016103398
30.3,2.406409452367329
30.32,2.4446296864052846
30.34,2.6937758824027647
30.36,2.861482350763408
30.38,3.0590925886428577
30.400000000000002,2.888043751981251
30.42,2.853298051399743
30.44,2.700372710116962
30.46,2.7262168776740165
30.48,2.720834262649075
30.5,2.6264284936076123
30.52,2.5487683521815807
30.54,2.563023566151762
30.560000000000002,2.384940191551723
30.580000000000002,2.4229080216093464
30.6,2.346108336079313
30.62,2.413245100471866
30.64,2.3977864974416123
30.66,2.4802556514608662
30.68,2.40890429126388
30.7,2.4393723634238453
30.72,2.416876628460383
30.740000000000002,2.4703893416591547
30.76,2.632839717681149
30.78,2.476804072735493
30.8,2.6437961500466476
30.82,2.5551471539738575
30.84,2.8119500679904093
30.86,2.5959530832875695
30.88,2.703921141365438
30.900000000000002,2.727020990363553
30.92,2.8587547680235117
30.94,2.8707754080518115
30.96,2.6694897082534603
30.98,2.738656953699239
31.0,2.5837155488374277
31.02,2.809270540026909
31.04,2.937279793488744
31.060000000000002,2.761809967525809
31.080000000000002,2.8476585464690403
31.1,2.8292422555833405
31.12,2.860800507014544
31.14,2.7481906446000575
31.16,2.777823969593133
31.18,2.638148032899449
31.2,2.6779876944567316
31.220000000000002,2.872488219186109
31.240000000000002,2.9332512490982614
31.26,2.7043757688387893
31.28,2.7770913205787124
31.3,2.663015964514194
31.32,2.6320438265878936
31.34,2.4575258879411743
31.36,2.435946135746177
31.38,2.4259340192275087
31.400000000000002,2.5455463389315853
31.42,2.5229492126574367
31.44,2.656159579918159
31.46,2.8520964315753794
31.48,2.855798359504667
31.5,2.8108896183079097
31.52,2.6231630095101583
31.54,2.445377160260188
31.560000000000002,2.506361186746965
31.580000000000002,2.2853426713321525
31.6,2.369602898150997
31.62,2.3709422973407985
31.64,2.381390230685166
31.66,2.3691681629343333
31.68,2.225187803771867
31.7,2.2158141227313783
31.720000000000002,2.1788235828014804
31.740000000000002,2.315470581938711
31.76,2.3047665529564054
31.78,2.3234872600585796
31.8,2.388773335902382
31.82,2.3055168321536144
31.84,2.2350546148719497
31.86,2.3198783508710044
31.88,2.3320729762036088
31.900000000000002,2.295737518752478
31.92,2.356006948021737
31.94,2.2857240374353758
31.96,2.2536730166205086
31.98,2.2867105092960083
32.0,2.1732016356663264
32.02,2.327195439057733
32.04,2.1845612467839093
32.06,2.228072493056634
32.08,2.2986524146746055
32.1,2.192861622372805
32.12,2.293420618319872
32.14,2.2135335353214116
32.160000000000004,2.199451864940991
32.18,2.099587788207695
32.2,2.0782342751238136
32.22,2.238145342377662
32.24,2.1848764532955176
32.26,2.234179217935193
32.28,2.2655251727951535
32.3,2.260658227512615
32.32,2.2950052795707494
32.34,2.2942983534009325
32.36,2.1502113736061053
32.38,2.1061049344985197
32.4,2.1178227372252585
32.42,2.19273115980136
32.44,2.145368050900539
32.46,2.1733202392746294
32.480000000000004,2.2841279973844912
32.5,2.3347668177829295
32.52,2.478645400090114
32.54,2.6448835373801876
32.56,2.395271032292004
32.58,2.4845169910354175
32.6,2.3410032478373477
32.62,2.3206695282415466
32.64,2.3210550724610557
32.660000000000004,2.20172835522637
32.68,2.3994869910687036
32.7,2.578720243064187
32.72,2.6929042197769313
32.74,2.656078284618886
32.76,2.5998300711029447
32.78,2.5943791328286974
32.8,2.6150076679315526
32.82,2.65416825829983
32.84,2.6592619296130944
32.86,2.5164527098039167
32.88,2.5180685481174847
32.9,2.80163116789863
32.92,2.6852725190024502
32.94,2.5945338828877182
32.96,2.6791817775842564
32.980000000000004,2.5734775455704355
33.0,2.5215426010826083
33.02,2.3878071764706608
33.04,2.5153752144883357
33.06,2.725191476186655
33.08,2.839420384757521
33.1,2.71598924266337
33.12,2.7579907268316495
33.14,2.5626877936092525
33.160000000000004,2.5811581704658235
33.18,2.719412760573724
33.2,2.680191992882746
33.22,2.8148544729503193
33.24,2.8350097976753283
33.26,2.6695330026461837
33.28,2.6340236090958222
33.3,2.382551688442019
33.32,2.4294307466584653
33.34,2.334502815144743
33.36,2.3908430314127918
33.38,2.250851624807972
33.4,2.3400752347214073
33.42,2.337527924091241
33.44,2.186003905835417
33.46,2.1521933028907405
33.480000000000004,2.073552087385337
33.5,2.1337158843309685
33.52,2.0491384478905132
33.54,2.053513901669218
33.56,2.1142519701651477
33.58,2.070675347090817
33.6,2.138773918540605
33.62,2.0978634475437183
33.64,2.161061202734072
33.660000000000004,2.2068131068868038
33.68,2.2094020526296476
33.7,2.2172291659787753
33.72,2.2702617675682633
33.74,2.2522167983547505
33.76,2.227409911471291
33.78,2.2023907590481886
33.8,2.234552568202637
33.82,2.248583268596129
33.84,2.073335986926523
33.86,2.2188266560048593
33.88,2.2235488207745724
33.9,2.096821061200522
33.92,2.09686187471433
33.94,2.041671653839504
33.96,2.2011385646380854
33.980000000000004,2.030220015220071
34.0,2.0889316766323547
34.02,1.934388842874931
34.04,2.205892131511207
34.06,2.174525338332586
34.08,2.240235731453271
34.1,2.2917652349749953
34.12,2.3029512267400465
34.14,2.25105565259419
34.160000000000004,2.3370443599437123
34.18,2.2326610536476994
34.2,2.3300532274879124
34.22,2.205916970831374
34.24,2.4014848671507893
34.26,2.2887492480174236
34.28,2.0866895351289823
34.300000000000004,2.1971718225116517
34.32,2.2259252516980723
34.34,2.2679287313222005
34.36,2.3339461412196836
34.38,2.343775430558319
34.4,2.212048512192727
34.42,2.340174152394329
34.44,2.2715065546605437
34.46,2.229229902364501
34.480000000000004,2.2689249438085346
34.5,2.2331723735520437
34.52,2.118337709259011
34.54,2.153717261204449
34.56,2.1987864989765953
34.58,2.102805126309844
34.6,2.106807533369053
34.62,2.0503898446285564
34.64,2.0945391814153456
34.660000000000004,2.2230816497281425
34.68,2.24585115818789
34.7,2.2276344534694426
34.72,2.150242724487298
34.74,2.132011664957137
34.76,2.1940792762386603
34.78,2.2302898032862437
34.800000000000004,2.283910088427503
34.82,2.333507909936771
34.84,2.406006069976935
34.86,2.2838789273915867
34.88,2.3246490275376464
34.9,2.311448950943121
34.92,2.2332718554197943
34.94,2.217053192890202
34.96,2.273802558299441
34.980000000000004,2.236194529025451
35.0,2.254295483517427
35.02,2.220295426817668
35.04,2.251673863379838
35.06,2.282634553513737
35.08,2.112943486064861
35.1,2.091868478308496
35.12,2.1134903592054872
35.14,2.060223078066603
35.160000000000004,2.101486917416415
35.18,2.091438412671766
35.2,2.071364435331185
35.22,2.037740561906931
35.24,1.9879782655857319
35.26,2.206224105106863
35.28,2.1285372154953093
35.300000000000004,2.129263475470602
35.32,2.1205723665262055
35.34,2.1984586843575853
35.36,2.2900828521996885
35.38,2.3818505196366018
35.4,2.4186927081331864
35.42,2.2228402522859763
35.44,2.2489685634737655
35.46,2.225810801509545
35.480000000000004,2.2163295852681806
35.5,2.2334524831101374
35.52,2.2269084363899165
35.54,2.266717315495652
35.56,2.3064504944998463
35.58,2.2864885751376973
35.6,2.3825841683937465
35.62,2.3655959232160644
35.64,2.201267098297771
35.660000000000004,2.464747340880275
35.68,2.372632451695707
35.7,2.4980357680134877
35.72,2.6941676894726307
35.74,2.560409362993811
35.76,2.5447935144939473
35.78,2.467594288489334
35.800000000000004,2.383557080937416
35.82,2.68140222550998
35.84,2.3799330777182193
35.86,2.43766024020961
35.88,2.4093695698137476
35.9,2.3965137006796873
35.92,2.31736280001147
35.94,2.452792785972745
35.96,2.4819076131955327
35.980000000000004,2.5684324158811536
36.0,2.3957778141815758
36.02,2.3841051060042107
36.04,2.4774694351583313
36.06,2.2462975726744765
36.08,2.2679214326520585
36.1,2.3730847780502042
36.12,2.34272857402088
36.14,2.3491365220254776
36.160000000000004,2.3407204508036794
36.18,2.2527037365479896
36.2,2.2618450581838547
36.22,2.168690478714969
36.24,2.2309899815263825
36.26,2.075390549868166
36.28,2.2190671045560957
36.300000000000004,2.2389058826449877
36.32,2.3713172909444546
36.34,2.530906119637382
36.36,2.1717084595996163
36.38,2.5953929847828032
36.4,2.443427779034878
36.42,2.4898955281720907
36.44,2.404275192816784
36.46,2.345847097548488
36.480000000000004,2.3791578864161798
36.5,2.4456063709989926
36.52,2.6461857159486066
36.54,2.569226747771502
36.56,2.679336758785011
36.58,2.577994209108463
36.6,2.509847800987885
36.62,2.2869717062523742
36.64,2.4422409558486424
36.660000000000004,2.3020865467786105
36.68,2.516918906363477
36.7,2.3031841917585703
36.72,2.398402482724521
36.74,2.3539600272148564
36.76,2.2786522942716485
36.78,2.1544913929443856
36.800000000000004,2.1710944957366403
36.82,2.2405945002779233
36.84,2.320960761882315
36.86,2.4189745722734326
36.88,2.3887617637803475
36.9,2.483691775392391
36.92,2.3207591373798224
36.94,2.5427143188847987
36.96,2.4584721827274834
36.980000000000004,2.413573379643579
37.0,2.341634879127608
37.02,2.1136993515202223
37.04,2.156819794265106
37.06,2.1337929024726887
37.08,2.1223909800901946
37.1,2.0629152716480292
37.12,2.0754827635333433
37.14,2.1603910253517884
37.160000000000004,2.191773236658385
37.18,2.303201085702697
37.2,2.05480165420147
37.22,2.0612577802212813
37.24,2.281235839270215
37.26,2.0794847431125483
37.28,2.107013353674987
37.300000000000004,2.3191836213881123
37.32,2.3063962692390865
37.34,2.2418794587592203
37.36,2.347402758239207
37.38,2.490120029473839
37.4,2.3285993581511835
37.42,2.45947940901779
37.44,2.3518429498772626
37.46,2.333438369603577
37.480000000000004,2.4526347855831787
37.5,2.557807678941857
37.52,2.5199637762050258
37.54,2.4290758168749083
37.56,2.2070539053018376
37.58,2.0894457112915727
37.6,2.131411695336691
37.62,2.111262464442325
37.64,2.1711584630742427
37.660000000000004,2.2043403002026003
37.68,2.1714259353763357
37.7,2.0417297019385154
37.72,2.1844010317472033
37.74,2.3118551141763817
37.76,2.4692629492047664
37.78,2.451792324818995
37.800000000000004,2.427359403571338
37.82,2.2582146264340635
37.84,2.264562300547701
37.86,2.1896858381976116
37.88,2.168369738924335
37.9,2.1190530233696663
37.92,2.094583973893807
37.94,2.144382722380519
37.96,2.101221603239953
37.980000000000004,2.0859661994968377
38.0,2.1181649031316994
38.02,2.1404490076408105
38.04,2.3163225862429178
38.06,2.2517141177145743
38.08,2.2096529491537416
38.1,2.1247114255314927
38.12,2.2499393395293676
38.14,2.303848289910076
38.160000000000004,2.212097821996163
38.18,2.050370775872819
38.2,2.0837646026966063
38.22,2.214553060320835
38.24,2.257058962859758
38.26,2.2765115070118105
38.28,2.243435241439464
38.300000000000004,2.175763968081496
38.32,2.1237230683566457
38.34,2.1519753644574156
38.36,2.102059741160837
38.38,2.19786453967449
38.4,1.9524506124888463
38.42,2.126690616441232
38.44,2.2236665821538315
38.46,2.199566881512171
38.480000000000004,2.262799903820506
38.5,2.3236457608033314
38.52,2.207875238424037
38.54,2.2632430946444444
38.56,2.2386708029347373
38.58,2.275854696725257
38.6,2.116278593070636
38.62,2.172566253147323
38.64,2.187200425734947
38.660000000000004,2.103961498270447
38.68,2.1180472592166937
38.7,2.119948392315105
38.72,1.9993100120526444
38.74,2.200265666386142
38.76,2.1759194944897193
38.78,2.1747815124660974
38.800000000000004,2.058393042606826
38.82,2.03994225859155
38.84,1.9572743323171342
38.86,2.122448826120631
38.88,2.083570056159856
38.9,2.213392844188365
38.92,2.122557727060036
38.94,2.2094101233576264
38.96,2.239756893345284
38.980000000000004,2.2348267272387172
39.0,2.2604283976352852
39.02,2.313998398401788
39.04,2.2979586991476006
39.06,2.2632854775265168
39.08,2.263025875328242
39.1,2.2282474264142964
39.12,2.270514386072397
39.14,2.400945581557415
39.160000000000004,2.398915059314074
39.18,2.3510612068404906
39.2,2.555418241721536
39.22,2.4497793999096515
39.24,2.524551043397116
39.26,2.366462676818885
39.28,2.4238278142691496
39.300000000000004,2.3645778601257037
39.32,2.312740636938176
39.34,2.2827411523987418
39.36,2.199617580580399
39.38,2.2174333992525117
39.4,2.0013329405140547
39.42,1.9067696444285338
39.44,2.0490022559569416
39.46,2.0705513460692617
39.480000000000004,2.0981284421343815
39.5,2.0642045842479226
39.52,2.0183152618327536
39.54,2.215581107167325
39.56,1.9902298890372334
39.58,2.1469752460569156
39.6,2.179907935812133
39.62,2.3173775351829833
39.64,2.4594585707657557
39.660000000000004,2.454749205331246
39.68,2.490744876795557
39.7,2.290725663306479
39.72,2.106336302343622
39.74,2.1275194344217576
39.76,2.039845263466134
39.78,2.1169632089652177
39.800000000000004,2.124880845059702
39.82,2.1263428998177756
39.84,2.1584442104389554
39.86,1.933541486489917
39.88,1.9033259036925938
39.9,1.9845652002007568
39.92,2.0614195852769033
39.94,2.0883304500197712
39.96,2.1278651651042986
39.980000000000004,2.188156212264321
40.0,2.259615307670136
40.02,2.174414749220743
40.04,2.1427292870018495
40.06,2.191428461052157
40.08,2.118066380899457
40.1,2.059992631555239
40.12,2.1642531705859986
40.14,2.4006009199005
40.160000000000004,2.3624442437296245
40.18,2.2922688590450613
40.2,2.3475508838387626
40.22,2.296300990816009
40.24,2.121305965315714
40.26,2.2146091825477434
40.28,2.324711512403903
40.300000000000004,2.1877708514216265
40.32,2.1668509293059683
40.34,2.16846739848849
40.36,2.182567294949652
40.38,2.158466900559372
40.4,2.1943660909629568
40.42,2.2243593789937455
40.44,2.2003142337883554
40.46,2.253023442900411
40.480000000000004,2.17562992544134
40.5,2.2817198517750525
40.52,2.3866469015368477
40.54,2.423262603165296
40.56,2.338798863422168
40.58,2.3335409063309958
40.6,2.277583653380424
40.62,2.3707330622198137
40.64,2.456872283333128
40.660000000000004,2.401261848226802
40.68,2.38959952202257
40.7,2.3031804842610706
40.72,2.364386457618759
40.74,2.295490096326509
40.76,2.3988237416692266
40.78,2.667818756777946
40.800000000000004,2.6627986469852876
40.82,2.5050828400389835
40.84,2.2686728446290005
40.86,2.2758040403114954
40.88,2.2167560412738445
40.9,2.3309220700882656
40.92,2.2650352183290274
40.94,2.376307856409669
40.96,2.2802015893173393
40.980000000000004,2.5570212030150183
41.0,2.435696563435504
41.02,2.4945201168048006
41.04,2.3903824666497395
41.06,2.266878577723855
41.08,2.3703995165929133
41.1,2.451584598228513
41.12,2.3236671916806757
41.14,2.2050376374187732
41.160000000000004,2.3234702955704933
41.18,2.318395068038027
41.2,2.3165731021160982
41.22,2.3785826216290076
41.24,2.3544597990789446
41.26,2.2746428986161664
41.28,2.3767802335092307
41.300000000000004,2.436632034143462
41.32,2.692405373366958
41.34,2.585525039786087
41.36,2.5085131188037044
41.38,2.6247135683184655
41.4,2.5423458827604364
41.42,2.58458303850171
41.44,2.6033918075516467
41.46,2.6330217154940816
41.480000000000004,2.559274312996369
41.5,2.522246982078571
41.52,2.6790674420811675
41.54,2.5662092169216586
41.56,2.5572751229378476
41.58,2.680659331518539
41.6,2.6471402674953746
41.62,2.5675406742769433
41.64,2.5229990475013424
41.660000000000004,2.544118525560474
41.68,2.5263618159080328
41.7,2.61433399210387
41.72,2.4325256800530237
41.74,2.518706802189282
41.76,2.467229498819373
41.78,2.3736857513105694
41.800000000000004,2.35833745035102
41.82,2.207757545065939
41.84,2.1567958727351253
41.86,2.3817664989571776
41.88,2.471989251781322
41.9,2.5273257407781378
41.92,2.495209998602412
41.94,2.64638527081696
41.96,2.416225800933822
41.980000000000004,2.5005049876235086
42.0,2.4873655917217516
42.02,2.4792529683184257
42.04,2.4497668961444923
42.06,2.434276376982186
42.08,2.6703557647997993
42.1,2.406559859727842
42.12,2.427883121109763
42.14,2.3396804402341385
42.160000000000004,2.4253953296398407
42.18,2.563682297108174
42.2,2.6601892299048076
42.22,2.635097633540284
42.24,2.306131399008885
42.26,2.3747630629426886
42.28,2.2334735890317843
42.300000000000004,2.4049874348091698
42.32,2.3071692394432164
42.34,2.214850322341073
42.36,2.223357948144358
42.38,2.1915106307614947
42.4,2.365434940865187
42.42,2.4032885585165005
42.44,2.4106988331409682
42.46,2.4765692984676395
42.480000000000004,2.4635007159552593
42.5,2.2417285426697258
42.52,2.2499168482585508
42.54,2.326008078460283
42.56,2.2083819405275715
42.58,2.1184459226931796
42.6,2.0164909947138385
42.62,1.9243536510569639
42.64,1.9178057845804888
42.660000000000004,1.9240967702723195
42.68,1.95152123517299
42.7,1.9748356333898156
42.72,2.0715603399902163
42.74,2.0804993663873095
42.76,1.8884454119186078
42.78,1.9378131961099143
42.800000000000004,1.979940265975203
42.82,2.006033509853965
42.84,2.13743164047915
42.86,2.1736294640592067
42.88,2.258581437085213
42.9,2.3173207652333323
42.92,2.4123730727590362
42.94,2.3519143900870216
42.96,2.548480027847893
42.980000000000004,2.5076613638632623
43.0,2.443602118508267
43.02,2.2926369126862896
43.04,2.1898609290184643
43.06,2.1003820564651545
43.08,1.9697682898588496
43.1,1.9542907875357545
43.12,1.9994716495371603
43.14,2.0960897964139686
43.160000000000004,2.097332023912146
43.18,2.0829237166765533
43.2,2.0993827596253465
43.22,2.051257034429109
43.24,2.1930708409572075
43.26,2.115726536661164
43.28,2.0815659128962487
43.300000000000004,2.0147888387668673
43.32,2.004053164558247
43.34,2.017429064300842
43.36,2.109540261321897
43.38,2.20701607385454
43.4,2.242817212624345
43.42,2.1471032240489243
43.44,2.0324548003042175
43.46,1.8848778844798295
43.480000000000004,2.002395204162281
43.5,2.069826374916088
43.52,2.060779725410017
43.54,2.1416469531581894
43.56,2.188995273583463
43.58,2.1321136828440332
43.6,2.10117890988804
43.62,2.2825614520310156
43.64,2.275755120509459
43.660000000000004,2.1678918486041026
43.68,2.223176429006875
43.7,2.20968533743077
43.72,2.096777668731816
43.74,2.063732154852086
43.76,2.172695738353542
43.78,2.083180583312979
43.800000000000004,2.271587463310714
43.82,2.1686405350247693
43.84,2.1889169680040745
43.86,2.077295110955166
43.88,2.2051312410987003
43.9,2.2770021476091764
43.92,2.235831576445943
43.94,2.2016661674349556
43.96,2.287095734266477
43.980000000000004,2.353446505712004
44.0,2.3423975794119984
44.02,2.4325089041587264
44.04,2.5439753060093873
44.06,2.4548315492651014
44.08,2.4105404770951773
44.1,2.423796236492651
44.12,2.3447012162036143
44.14,2.3668698995058883
44.160000000000004,2.3328212963675927
44.18,2.307061985523338
44.2,2.415997796363909
44.22,2.371683629002112
44.24,2.3421909072126645
44.26,2.494359052580996
44.28,2.4667548140473086
44.300000000000004,2.500649605882422
44.32,2.4311151575180343
44.34,2.4597450396242087
44.36,2.441922258931264
44.38,2.434166803438835
44.4,2.526727820037559
44.42,2.6075719417455816
44.44,2.589221623882006
44.46,2.593532599197107
44.480000000000004,2.5611152538772144
44.5,2.5127144249806923
44.52,2.521087669531781
44.54,2.7318448737212413
44.56,2.76732564747591
44.58,2.826735589190409
44.6,2.6044447295936135
44.62,2.529004205019818
44.64,2.4955373571086636
44.660000000000004,2.4862878452688912
44.68,2.368135854630611
44.7,2.4294873840000593
44.72,2.482063359038252
44.74,2.476363362720491
44.76,2.2637850008384888
44.78,2.2866753935128243
44.800000000000004,2.4126540608752807
44.82,2.6623032956885155
44.84,2.4902282211821296
44.86,2.566594626563962
44.88,2.678739177189915
44.9,2.6154308275885763
44.92,2.696096288117914
44.94,2.6342628635319616
44.96,2.6192237363678186
44.980000000000004,2.6604935038748136
45.0,2.5790552129246698
45.02,2.4914908548628962
45.04,2.4163370197147787
45.06,2.467892048317193
45.08,2.452018377094501
45.1,2.3257988337125677
45.12,2.3318654932042056
45.14,2.244262846421046
45.160000000000004,2.3570100089247994
45.18,2.212744251287798
45.2,2.2247173175017476
45.22,2.208269231305458
45.24,2.4074356938238535
45.26,2.256058604941021
45.28,2.3687399789019934
45.300000000000004,2.2698063533725668
45.32,2.228018333587719
45.34,2.417538920421345
45.36,2.222396595280967
45.38,2.1866598360606693
45.4,2.5423368224772767
45.42,2.6667472576807536
45.44,2.423680469838703
45.46,2.4120250423832554
45.480000000000004,2.5154862002284912
45.5,2.588807481165116
45.52,2.248898941598842
45.54,2.255035836755281
45.56,2.2834262016635516
45.58,2.477366913762679
45.6,2.5109583781233877
45.62,2.6229130049190634
45.64,2.3090780779795304
45.660000000000004,2.107671033439959
45.68,2.1698761674709446
45.7,2.2247487032884363
45.72,2.257150804150816
45.74,2.2989101080797347
45.76,2.195530112448925
45.78,2.2481248427555687
45.800000000000004,2.178281415384679
45.82,2.1991070342996193
45.84,2.3232292670919485
45.86,2.2830611807289625
45.88,2.3461366821426073
45.9,2.190158833895174
45.92,2.2638781183610948
45.94,2.3093475347614505
45.96,2.2137425265288426
45.980000000000004,2.15791226037374
46.0,2.072987359721574
46.02,2.1945578334079374
46.04,2.1932873912654034
46.06,2.376898851758832
46.08,2.558614717602566
46.1,2.5433852251833486
46.12,2.4219289894664593
46.14,2.27019228076225
46.160000000000004,2.241305655156971
46.18,2.263356473593201
46.2,2.2720415048896414
46.22,2.0532834005350185
46.24,2.0640894507305023
46.26,1.9712837212218615
46.28,1.8843742435396786
46.300000000000004,1.9836536725732352
46.32,2.135469981556611
46.34,2.121857076837442
46.36,2.1495819417689606
46.38,2.1236525748372608
46.4,2.0690455362661364
46.42,1.9657289622364147
46.44,2.1037779141044073
46.46,2.184934327955528
46.480000000000004,2.2245282309880996
46.5,2.122506715964687
46.52,2.2186994529263484
46.54,2.1839587865229446
46.56,2.130239458270845
46.58,2.1877339272167178
46.6,2.208453769421017
46.62,2.219589267358041
46.64,2.1096340096326323
46.660000000000004,2.2547204419325277
46.68,2.1787144708857977
46.7,2.1034991813859922
46.72,2.154499604353165
46.74,2.0934330557924836
46.76,2.0706733641017965
46.78,2.1231592397525034
46.800000000000004,2.0901396730145607
46.82,1.9638522340125508
46.84,1.9503445569286508
46.86,2.054172929917023
46.88,1.8192311892735318
46.9,1.9426181841402743
46.92,1.9904620472372516
46.94,1.842333495071402
46.96,1.717128405838428
46.980000000000004,1.8432491294991893
47.0,1.7897017161806172
47.02,1.8800506529350762
47.04,1.9115120375047987
47.06,1.872568237823402
47.08,1.6594662295254483
47.1,1.7257018528502592
47.12,1.765753779775845
47.14,1.8201941292181818
47.160000000000004,1.7838882258017854
47.18,1.9195237887665604
47.2,1.94318442084945
47.22,1.8403685982020912
47.24,1.8398470362242125
47.26,1.7526374106128793
47.28,1.8829035212720384
47.300000000000004,1.96151431286329
47.32,2.030524819865486
47.34,1.9424030882849135
47.36,2.0014110728290504
47.38,1.960175365301511
47.4,2.0171015552708074
47.42,2.026866657621965
47.44,2.1257627894277022
47.46,2.0322599003199615
47.480000000000004,1.9213658307960113
47.5,1.9908352051742293
47.52,1.9029836991994071
47.54,1.9463343907109651
47.56,1.855581895403447
47.58,1.8250995451867575
47.6,1.9466369691578416
47.62,2.1470647537209953
47.64,2.0764639759971946
47.660000000000004,2.031911026631023
47.68,2.0015281068326747
47.7,1.9364366724001882
47.72,2.114526747868712
47.74,2.1190944673726295
47.76,2.0047816060728643
47.78,2.0865053010509893
47.800000000000004,2.1440254789143984
47.82,2.035274748197853
47.84,2.111168753389482
47.86,2.1093715675250744
47.88,2.19569854295163
47.9,2.4700065407304237
47.92,2.4517219882742354
47.94,2.4198775973605606
47.96,2.383530508640678
47.980000000000004,2.42628067923071
48.0,2.549193959626743
48.02,2.579902059662965
48.04,2.795368448482625
48.06,2.8145985974103684
48.08,2.6791599258124195
48.1,2.920371506120421
48.120000000000005,2.7930145265423327
48.14,2.657648643669696
48.160000000000004,2.611794258813808
48.18,2.537630121589963
48.2,2.4948568645660294
48.22,2.6492161990008465
48.24,2.5520717313466155
48.26,2.8371645108388814
48.28,2.981047759547035
48.300000000000004,3.045656755154434
48.32,2.920920628455993
48.34,3.148505141084946
48.36,3.121730584759476
48.38,3.2161565915274166
48.4,3.291054886666505
48.42,3.230396207879412
48.44,3.3179498141885793
48.46,3.225905205185445
48.480000000000004,3.2257256615232217
48.5,2.7220693964836578
48.52,2.70899330720888
48.54,2.6789284457500333
48.56,2.724504411431821
48.58,2.599157920507498
48.6,2.7453820405045546
48.620000000000005,2.697617328377835
48.64,2.581722149832062
48.660000000000004,2.6371766739789644
48.68,2.7095313509512486
48.7,2.7639624259492805
48.72,2.8291202710518166
48.74,3.067097998407406
48.76,3.183145736892668
48.78,3.1899601566531754
48.800000000000004,3.147585814671743
48.82,3.180235853825925
48.84,3.329380230996278
48.86,3.4916921652330903
48.88,3.369720927414743
48.9,3.090483040162031
48.92,3.210352588318045
48.94,3.0354662253363065
48.96,3.120537291715286
48.980000000000004,3.066890089722992
49.0,3.123989069996306
49.02,3.301057003682889
49.04,3.284431915291074
49.06,3.489399092958986
49.08,3.381029969425901
49.1,3.0441514434714176
49.120000000000005,2.993072030494791
49.14,3.0380491789938255
49.160000000000004,2.944166646152155
49.18,2.9237876131819704
49.2,2.8147719442225516
49.22,2.8711426068443178
49.24,2.78346128122863
49.26,2.728455288578461
49.28,2.892295813315685
49.300000000000004,2.830894269080259
49.32,2.958218435528387
49.34,3.1133277007614883
49.36,3.0275859753839662
49.38,2.9266252383700198
49.4,2.9316182909108393
49.42,2.970672268578763
49.44,3.080251738176546
49.46,2.9784891245505354
49.480000000000004,2.9188811280005145
49.5,3.063287307772052
49.52,3.076339399848352
49.54,3.07844458536655
49.56,3.0345110503654236
49.58,3.0139626809113502
49.6,2.991866840159477
49.620000000000005,3.1359098563298735
49.64,3.04612493237609
49.660000000000004,3.0979521582059615
49.68,3.205148702053212
49.7,3.0793661264493912
49.72,3.3366348634459224
49.74,3.5646808763304594
49.76,3.505668512734369
49.78,3.7017934439078632
49.800000000000004,3.5400569153776362
49.82,3.529425384018679
49.84,3.4753710005709846
49.86,3.6977269337369387
49.88,3.8643678679145372
49.9,3.707980541955497
49.92,3.629840677308465
49.94,3.8109930331542126
49.96,3.7940955017858022
49.980000000000004,3.7087148749707786
