time_ns,rg_A
0.0,36.820643324534856
0.02,36.81366483508526
0.04,36.826210195106704
0.06,36.77150528966914
0.08,36.92593644571879
0.1,36.883266344502395
0.12,36.99289936428458
0.14,37.08739741040735
0.16,37.04646813848268
0.18,37.10097067812488
0.2,37.08771139591378
0.22,37.00956059608868
0.24,37.028810118575
0.26,36.97967011372062
0.28,36.994120548729036
0.3,36.789814273421
0.32,36.890009962362505
0.34,36.9000663271672
0.36,37.04479760596979
0.38,37.016810989109366
0.4,37.092536632299634
0.42,37.03391811543027
0.44,37.01324216991321
0.46,36.94571277549353
0.48,37.0243515978735
0.5,37.04032798029876
0.52,37.1180720554379
0.54,37.08526659787592
0.56,37.10033497389461
0.58,37.05158429160712
0.6,37.0334102092539
0.62,37.24440897632848
0.64,37.223236887248746
0.66,37.323310688864986
0.68,37.43487850018239
0.7000000000000001,37.402196869913624
0.72,37.566803969110246
0.74,37.55258759566509
0.76,37.48161363067908
0.78,37.50057722399397
0.8,37.44192144058402
0.8200000000000001,37.445113915928
0.84,37.50133630456397
0.86,37.27665606260243
0.88,37.25487401042725
0.9,37.33553628854592
0.92,37.26800977612239
0.9400000000000001,37.313999537427826
0.96,37.39471130427739
0.98,37.27853349025273
1.0,37.264565232608746
1.02,37.187741356253476
1.04,37.058041648292054
1.06,37.06221253104753
1.08,37.02269364626885
1.1,37.18789358869685
1.12,37.19208349809103
1.1400000000000001,37.23161509277652
1.16,37.10924077489583
1.18,37.03771682943425
1.2,37.09745624591525
1.22,37.18522879512466
1.24,37.04732210415282
1.26,37.000991759429844
1.28,37.10283316848616
1.3,37.15549446681585
1.32,37.160233598825236
1.34,36.99726428511827
1.36,36.99435272827178
1.3800000000000001,37.07736259749984
1.4000000000000001,37.234110413336175
1.42,37.209716407114946
1.44,37.239499302365424
1.46,37.22335160653016
1.48,37.338844832228126
1.5,37.26347505538403
1.52,37.2671259118598
1.54,37.270229515581796
1.56,37.32406420211706
1.58,37.229767035448674
1.6,37.22001284272406
1.62,37.197135233330485
1.6400000000000001,37.37905053221385
1.6600000000000001,37.18578017406646
1.68,37.28437119791072
1.7,37.39713751247628
1.72,37.430399009477476
1.74,37.304380374449416
1.76,37.192196497227314
1.78,37.30692323272695
1.8,37.2400392574465
1.82,37.34965556966785
1.84,37.25645939711138
1.86,37.183473942263895
1.8800000000000001,37.28467714901319
1.9000000000000001,37.35818487172753
1.92,37.41599923265541
1.94,37.21125636403998
1.96,37.15374345913906
1.98,37.249607736345105
2.0,37.29981224238789
2.02,37.39205223582768
2.04,37.362534909634206
2.06,37.31751160151044
2.08,37.16151655516531
2.1,37.22312587754583
2.12,37.31075978244819
2.14,37.13595699111965
2.16,37.271951311227845
2.18,37.112566090867176
2.2,37.11142625306176
2.22,37.46728375326693
2.24,37.3413763185266
2.2600000000000002,37.33645746447867
2.2800000000000002,37.50568116535488
2.3000000000000003,37.33499931700193
2.32,37.30785208511071
2.34,37.32571653621784
2.36,37.40987881421175
2.38,37.37656107091548
2.4,37.48948236099327
2.42,37.417855081998155
2.44,37.5025220885075
2.46,37.4276863266243
2.48,37.40694839738119
2.5,37.31359949808107
2.52,37.35083881226043
2.54,37.38266328314298
2.56,37.25391469333322
2.58,37.26407940824332
2.6,37.33049947824963
2.62,37.458806440644764
2.64,37.54336717064831
2.66,37.367666148445345
2.68,37.353962075685786
2.7,37.4118202461831
2.72,37.31934279882983
2.74,37.15857886525825
2.7600000000000002,37.27614224957547
2.7800000000000002,37.352137512611534
2.8000000000000003,37.29490590176805
2.82,37.31215201466383
2.84,37.315621007349826
2.86,37.367140533707655
2.88,37.247924384939374
2.9,37.198049509498695
2.92,37.12886013254142
2.94,37.152849507908385
2.96,37.19877020609495
2.98,37.130468350726034
3.0,37.03875170387054
3.02,37.118011248437334
3.04,37.18078656103301
3.06,37.15263590629832
3.08,37.1560102482835
3.1,37.03243712247341
3.12,37.09652433475466
3.14,37.072505278397195
3.16,37.073808612652115
3.18,36.99137802171165
3.2,36.96490004257125
3.22,37.076073070475374
3.24,36.95819472866101
3.2600000000000002,37.14162169366439
3.2800000000000002,37.1032549649856
3.3000000000000003,37.34286547463535
3.3200000000000003,37.70687853100981
3.34,37.407884605563
3.36,37.360024393484125
3.38,37.47870691935821
3.4,37.50295620802683
3.42,37.41412118810045
3.44,37.54343583293732
3.46,37.46679111416622
3.48,37.49360620216197
3.5,37.29992187267591
3.52,37.21434916629511
3.54,37.13324029062679
3.56,37.24147530114905
3.58,37.397701786312986
3.6,37.245918951777796
3.62,37.37314633480828
3.64,37.321565318812134
3.66,37.38708185355204
3.68,37.18921082841023
3.7,37.34268647091958
3.72,37.216665170668996
3.74,37.19855271928597
3.7600000000000002,37.260199091695654
3.7800000000000002,37.489936334480085
3.8000000000000003,37.377434105828826
3.8200000000000003,37.37387297933332
3.84,37.356456443185465
3.86,37.31926064368901
3.88,37.327613257330576
3.9,37.301491172460324
3.92,37.201233028013945
3.94,37.27129856588209
3.96,37.067508186288045
3.98,37.235512536794594
4.0,37.31236751942365
4.0200000000000005,37.354668982615934
4.04,37.288321590813986
4.0600000000000005,37.28680236118652
4.08,37.28137357943954
4.1,37.32808005867729
4.12,37.38462557351873
4.14,37.43876884880736
4.16,37.33753030581689
4.18,37.161786421428395
4.2,37.324952167901706
4.22,37.25432997805304
4.24,37.25634292456304
4.26,37.39465874223342
4.28,37.28888608683986
4.3,37.339011855134714
4.32,37.3214509189381
4.34,37.207588926857106
4.36,37.138545747023706
4.38,37.25166099523678
4.4,37.14540246590954
4.42,37.10356154570632
4.44,37.074435057986435
4.46,37.02475632900201
4.48,36.94018061408268
4.5,36.90059440994704
4.5200000000000005,36.917473838883474
4.54,36.95994812663061
4.5600000000000005,37.18697836441877
4.58,37.05548576081111
4.6000000000000005,37.03097537431086
4.62,37.10645604508225
4.64,37.08336725941242
4.66,37.01410140002047
4.68,37.21000720828192
4.7,37.32818158652676
4.72,37.32849258079333
4.74,37.33833856178919
4.76,37.388736917908886
4.78,37.43662526326771
4.8,37.34473843450491
4.82,37.14300833858978
4.84,37.11720687972778
4.86,37.00310859191504
4.88,37.03358741485655
4.9,37.10496202678159
4.92,37.090821790018495
4.94,37.1148426925669
4.96,37.04672084452175
4.98,36.89753209582137
5.0,37.1061847079539
5.0200000000000005,37.02021129247846
5.04,36.94604911993929
5.0600000000000005,37.061854658270775
5.08,37.201519442516165
5.1000000000000005,36.953012599238114
5.12,36.85329568264088
5.14,36.903628852062255
5.16,37.17942523076886
5.18,37.24306692544473
5.2,37.248547489011095
5.22,37.129207667884984
5.24,37.32085559032393
5.26,37.413633340602715
5.28,37.28368829736094
5.3,37.22898639861917
5.32,37.19976292354266
5.34,37.13985475382996
5.36,37.234355469736435
5.38,37.13869691273908
5.4,37.23887210323283
5.42,37.23874936524656
5.44,37.22590512005739
5.46,37.16388509994497
5.48,37.36968611371847
5.5,37.3780613705881
5.5200000000000005,37.20237604175959
5.54,37.25613754730268
5.5600000000000005,37.133596861245806
5.58,37.03852080499174
5.6000000000000005,37.15754171173776
5.62,37.068744403911886
5.64,37.06601142616124
5.66,37.11104626490136
5.68,37.133656096634155
5.7,37.116794622269545
5.72,37.266301117593
5.74,37.280791754366774
5.76,37.3546654276831
5.78,37.0986929722483
5.8,37.31009318678545
5.82,37.337474064649854
5.84,37.33839594881359
5.86,37.327082049535434
5.88,37.20034763277611
5.9,37.26209666107166
5.92,37.257839043000196
5.94,37.22331501109675
5.96,37.40543390610532
5.98,37.54719780478006
6.0,37.546829724811204
6.0200000000000005,37.37248612182447
6.04,37.26694758449454
6.0600000000000005,37.32810328032268
6.08,37.31323895184798
6.1000000000000005,37.31152765755682
6.12,37.31518758711523
6.140000000000001,37.29657829548016
6.16,37.26578358487444
6.18,37.402070478180676
6.2,37.42336890319862
6.22,37.47281609019434
6.24,37.49160934134112
6.26,37.415584512045506
6.28,37.35031052259412
6.3,37.277831677675
6.32,37.1871877918753
6.34,37.06759736906242
6.36,37.105922234948856
6.38,37.13898065939168
6.4,37.25579458190791
6.42,37.23793796930807
6.44,37.172866002249755
6.46,37.11284113028967
6.48,37.154754052090226
6.5,37.17565089000011
6.5200000000000005,37.196248462813735
6.54,37.09128478039666
6.5600000000000005,37.19365735464341
6.58,37.25920302485566
6.6000000000000005,37.33932156566426
6.62,37.114832575765604
6.640000000000001,37.202318635163
6.66,37.00307404989233
6.68,37.18566182314273
6.7,37.15511182890031
6.72,37.181167401402035
6.74,37.18384645956584
6.76,37.33015319863055
6.78,37.322445581594415
6.8,37.28954680581089
6.82,37.38654356530169
6.84,37.24216844618823
6.86,37.217029121144684
6.88,37.38805632739681
6.9,37.330182353827304
6.92,37.29492721519798
6.94,37.229806562314906
6.96,37.402321805112514
6.98,37.33303652345552
7.0,37.35146816922564
7.0200000000000005,37.29747347715112
7.04,37.278646883100116
7.0600000000000005,37.30788467800612
7.08,37.24105205343853
7.1000000000000005,37.42665998858287
7.12,37.47626684125134
7.140000000000001,37.2920770204375
7.16,37.38358742896246
7.18,37.32232535364529
7.2,37.26342321840995
7.22,37.3370563987159
7.24,37.20943905723822
7.26,37.25189088564683
7.28,37.204712782225435
7.3,37.2364260904285
7.32,37.169568843796995
7.34,37.34876702935769
7.36,37.31429549990684
7.38,37.37986132582192
7.4,37.257661467960425
7.42,37.202407775185165
7.44,37.39159625242818
7.46,37.431329293459086
7.48,37.32984026352678
7.5,37.40465581201436
7.5200000000000005,37.16325955054424
7.54,37.103705151502666
7.5600000000000005,37.161476655998875
7.58,37.16857339176948
7.6000000000000005,37.13857101630599
7.62,37.37314437765003
7.640000000000001,37.195048539648575
7.66,37.273815572615916
7.68,37.21971385657892
7.7,37.28413514640545
7.72,37.443244628330866
7.74,37.40730591002002
7.76,37.196177468583656
7.78,37.216759528486435
7.8,37.26809650251088
7.82,37.191853625622976
7.84,37.18772379424044
7.86,37.21985593755057
7.88,37.150444997264586
7.9,37.14449944360113
7.92,37.270913201429686
7.94,37.34869120311488
7.96,37.2781734034581
7.98,37.184955948916745
8.0,37.443172988034156
8.02,37.29412797342894
8.040000000000001,37.289424406747806
8.06,37.11812141771576
8.08,37.15461747483685
8.1,37.17869168778353
8.120000000000001,37.063714455325496
8.14,36.97886577504601
8.16,37.170634102198875
8.18,36.975520452880566
8.2,36.90067227962975
8.22,36.94092960855286
8.24,36.95142517074554
8.26,37.12216756696212
8.28,37.269207370889546
8.3,37.21454755530126
8.32,37.258819227897675
8.34,37.06892714499156
8.36,37.151104320495534
8.38,37.12014020474639
8.4,37.22868602558606
8.42,37.03845040870541
8.44,37.01110242815646
8.46,37.203055670862426
8.48,37.115242517461205
8.5,36.95698178996759
8.52,37.037981769253264
8.540000000000001,36.995974538990886
8.56,36.744837018427695
8.58,36.73356334610752
8.6,36.70633159769348
8.620000000000001,36.75466211288771
8.64,36.87442572745994
8.66,36.87633899142562
8.68,36.99989128028124
8.700000000000001,36.88282080745391
8.72,36.84683803026514
8.74,36.87566266394352
8.76,36.767784494159855
8.78,36.82008395815759
8.8,36.81409058793173
8.82,36.73129301182062
8.84,36.86114880213973
8.86,36.74045416573375
8.88,36.7562238949507
8.9,36.64984558463362
8.92,36.805487879187694
8.94,36.83406110878725
8.96,36.84183652423177
8.98,36.89639932074833
9.0,36.91084809280958
9.02,36.79555701848288
9.040000000000001,36.76011072179477
9.06,36.854029892526164
9.08,36.752523375374835
9.1,36.66234382747365
9.120000000000001,36.63948736881134
9.14,36.71107409467808
9.16,36.6522640246776
9.18,36.62280126285076
9.200000000000001,36.519398047672254
9.22,36.62506914104323
9.24,36.66117965455919
9.26,36.59550117793886
9.28,36.57701046130004
9.3,36.53798315181833
9.32,36.7636202982308
9.34,36.70975922128827
9.36,36.92044641011974
9.38,36.77588219278577
9.4,36.76027836318073
9.42,36.66123501819665
9.44,36.75983732616009
9.46,36.79887879140358
9.48,36.777051280042315
9.5,36.68284892121162
9.52,36.77456160190968
9.540000000000001,36.65406345977643
9.56,36.70589497426761
9.58,36.95634813215648
9.6,36.87540802077347
9.620000000000001,37.00049323315081
9.64,37.02830000232848
9.66,37.094356374284786
9.68,37.01769691433971
9.700000000000001,37.065363391299364
9.72,37.113104108642965
9.74,36.93974762142328
9.76,37.03476062737202
9.78,37.17101369028447
9.8,36.99637405872648
9.82,37.14348511854007
9.84,37.10991345036737
9.86,37.113244148824776
9.88,37.166538926565515
9.9,37.208766184540664
9.92,37.173652926631064
9.94,37.14417235660239
9.96,37.2423158722061
9.98,37.17402289928521
10.0,37.24628449726708
10.02,37.49797095044192
10.040000000000001,37.26907884039196
10.06,37.335358610839556
10.08,37.30938567173744
10.1,37.22977113821965
10.120000000000001,37.350787112557356
10.14,37.154277404088056
10.16,37.16361649795842
10.18,37.09069524330117
10.200000000000001,37.22390663061775
10.22,37.051990451802325
10.24,37.14344344822375
10.26,37.18038402209399
10.28,37.17534813399453
10.3,37.27340212755171
10.32,37.1952224185175
10.34,37.24306205153448
10.36,37.32742934890948
10.38,37.39590127080942
10.4,37.4104577326184
10.42,37.319828680628
10.44,37.24442359136831
10.46,37.24812400141758
10.48,37.43005355335602
10.5,37.327486358120865
10.52,37.24062091069416
10.540000000000001,37.26649575057558
10.56,37.345247664935066
10.58,37.198500445061086
10.6,37.21642061300398
10.620000000000001,37.292688782937354
10.64,37.15062353173046
10.66,37.00443982646056
10.68,37.21381158708806
10.700000000000001,37.07721678286428
10.72,37.2559663538243
10.74,37.295736007307426
10.76,37.1075412058995
10.78,37.03675637718787
10.8,37.16721852855015
10.82,37.06826625404638
10.84,37.053329864851676
10.86,37.113440152219844
10.88,37.114804967653164
10.9,37.169956413265105
10.92,37.275395625197724
10.94,37.32452979969869
10.96,37.28003240616217
10.98,37.16837684612314
11.0,37.287218305373365
11.02,37.20317792013108
11.040000000000001,37.20414993290597
11.06,37.08342974748371
11.08,37.17384210018465
11.1,37.423378454550736
11.120000000000001,37.0892531410618
11.14,37.16804364139948
11.16,37.124977135709784
11.18,37.26553358417986
11.200000000000001,37.21151005325285
11.22,37.1415404027429
11.24,37.087117043967275
11.26,37.20103437340364
11.28,37.0948137406252
11.3,37.02576780583134
11.32,36.947188885534445
11.34,37.065754433284745
11.36,36.96606422183044
11.38,37.09393259458602
11.4,37.16318733521031
11.42,37.02963141046526
11.44,37.04136275228443
11.46,36.945362426685215
11.48,36.959944515866404
11.5,36.99156488990772
11.52,36.9463254685983
11.540000000000001,36.90690434962131
11.56,36.90170504013616
11.58,36.76791266430331
11.6,37.10412730360323
11.620000000000001,37.11296640382384
11.64,37.181176666476354
11.66,37.049141293910765
11.68,37.08154590586145
11.700000000000001,37.17987538695326
11.72,37.18977426538677
11.74,37.17986908679498
11.76,37.3211911555302
11.78,37.2292825154832
11.8,37.37025935892686
11.82,37.28780162836774
11.84,37.28303213056832
11.86,37.29274392804106
11.88,37.14999127985795
11.9,37.231506201719576
11.92,37.19849969187379
11.94,37.13727120221511
11.96,37.2809816869083
11.98,36.993971744226855
12.0,37.00178714942591
12.02,37.11608001504144
12.040000000000001,37.20606879096936
12.06,37.18568670336283
12.08,37.05616421720969
12.1,36.94172670987131
12.120000000000001,37.16110887735301
12.14,36.9447486504915
12.16,37.131277004819
12.18,37.187696621599514
12.200000000000001,37.0950204000308
12.22,37.220004191853924
12.24,37.104627156826346
12.26,37.04087158382132
12.280000000000001,36.99351841578692
12.3,37.04636175788757
12.32,37.06689848884828
12.34,37.175041107453346
12.36,37.283662545395984
12.38,37.12340627583705
12.4,37.110446197744594
12.42,37.06636673936939
12.44,37.020614897862906
12.46,37.09918339874354
12.48,37.149968038574194
12.5,37.16581108932184
12.52,37.270991010125385
12.540000000000001,37.149381693410696
12.56,36.90362461528923
12.58,37.07483824324192
12.6,37.0879155628231
12.620000000000001,37.009154061495906
12.64,37.224160643031745
12.66,37.20076482954278
12.68,37.1315390172516
12.700000000000001,37.086237138192025
12.72,37.1467482111942
12.74,37.06479629325016
12.76,37.103078675986445
12.780000000000001,37.20493686080816
12.8,37.017650969892486
12.82,37.13426408159246
12.84,37.21599284555866
12.86,37.15565911316495
12.88,37.28865841489557
12.9,37.22903386857661
12.92,37.329961665588954
12.94,37.32660279632005
12.96,37.37245351686985
12.98,37.21760264434522
13.0,37.31618228338345
13.02,37.12512316228611
13.040000000000001,37.23716825814181
13.06,37.126281213809705
13.08,37.220259850486975
13.1,37.31361956647031
13.120000000000001,37.16027009411312
13.14,37.20788777527719
13.16,36.967177200908125
13.18,37.2487920156246
13.200000000000001,37.169744985168606
13.22,37.09424743641953
13.24,37.131302053878265
13.26,37.05103490401709
13.280000000000001,37.05374049344856
13.3,36.845029636868546
13.32,36.848869002587755
13.34,36.97136529833642
13.36,36.86410728983682
13.38,37.10338515769917
13.4,37.12714254355565
13.42,37.08198206749197
13.44,36.859364463763676
13.46,37.0130019950613
13.48,37.08405287142289
13.5,37.043731026013376
13.52,37.19363115283795
13.540000000000001,37.10990030920118
13.56,37.13733047085364
13.58,36.94885334379728
13.6,37.05605623533903
13.620000000000001,37.255831467787864
13.64,37.209244742325126
13.66,37.06541582355575
13.68,37.12527425334578
13.700000000000001,37.22610016985198
13.72,37.251663898651486
13.74,37.32824425511851
13.76,37.243058637353236
13.780000000000001,37.159926397873214
13.8,37.215399302333886
13.82,37.141841048933834
13.84,37.32944021673848
13.86,37.2605068766099
13.88,37.1802305776316
13.9,37.2031449423324
13.92,37.03277904928901
13.94,37.065549502847034
13.96,37.020742006957306
13.98,37.12888201522085
14.0,37.11623888395715
14.02,37.10402947971851
14.040000000000001,37.19860045758255
14.06,37.05446505234475
14.08,37.19125240323218
14.1,37.33746684568484
14.120000000000001,37.178907217035885
14.14,37.126742488459264
14.16,37.15571393426549
14.18,37.359513538764254
14.200000000000001,37.19327893104549
14.22,37.08614629609322
14.24,37.15320648548088
14.26,36.95662339248924
14.280000000000001,37.28322531459354
14.3,37.29294616181626
14.32,37.245040596712315
14.34,37.28758648735904
14.36,37.24126227913025
14.38,37.18568318123947
14.4,37.25704635864563
14.42,37.276713331422556
14.44,37.18289344258419
14.46,37.126119649116966
14.48,37.07907885421258
14.5,37.178029486568605
14.52,37.03789917521099
14.540000000000001,37.311385678078246
14.56,37.145441213584114
14.58,37.146481269569364
14.6,37.1227559852541
14.620000000000001,36.97128713758465
14.64,36.898048822379664
14.66,37.01335704417122
14.68,37.110934783356534
14.700000000000001,37.11850592936881
14.72,36.984995067681965
14.74,37.21067529542813
14.76,36.992224814257895
14.780000000000001,36.89938021332015
14.8,36.91974295650819
14.82,36.993246026751635
14.84,37.03766655967308
14.86,37.24195300177834
14.88,37.05577252270199
14.9,36.98353682399538
14.92,37.01420312805002
14.94,37.021729830110075
14.96,36.96738332397693
14.98,36.912029867929874
15.0,36.90462764480332
15.02,36.77168369628255
15.040000000000001,36.797119230274
15.06,36.952277056418176
15.08,36.98948216606856
15.1,36.92839806805471
15.120000000000001,36.87806028844064
15.14,37.06572527687237
15.16,36.958051858747346
15.18,36.888429733412494
15.200000000000001,36.94371769717679
15.22,36.93741618654673
15.24,36.851127392183436
15.26,36.83611653449838
15.280000000000001,36.91374560631341
15.3,37.06506463896407
15.32,36.99874103490502
15.34,36.676565152732394
15.36,36.83722930154405
15.38,36.91600087600842
15.4,37.13804838572828
15.42,37.06879768317556
15.44,37.037168438004166
15.46,37.26371192637588
15.48,36.984827123274144
15.5,36.88871065078447
15.52,37.01772670030231
15.540000000000001,36.933544383547236
15.56,36.90724416494127
15.58,37.06586268570571
15.6,37.101219077251386
15.620000000000001,36.95042633770871
15.64,36.97004156286851
15.66,37.117184572421536
15.68,37.23327770115601
15.700000000000001,37.21909138862607
15.72,37.2599786118261
15.74,36.95035281124581
15.76,36.78145247961635
15.780000000000001,36.851969905238654
15.8,36.92132554763274
15.82,36.90285407431976
15.84,37.06379842082502
15.860000000000001,37.076773778256026
15.88,36.955897584147344
15.9,37.07742084177267
15.92,37.102893454826834
15.94,36.94071439211719
15.96,36.934301687334454
15.98,37.04860000395235
16.0,37.04448676896874
16.02,37.030885262868324
16.04,36.97777480752132
16.06,37.00858536126889
16.080000000000002,36.79500126426943
16.1,36.95205445155095
16.12,36.90882742905807
16.14,36.884042820191546
16.16,36.942462350606775
16.18,36.81527458937454
16.2,36.990159464636946
16.22,37.07663643588679
16.240000000000002,36.95019907738281
16.26,37.23001566722518
16.28,37.19573192271515
16.3,37.105901094488985
16.32,37.03682561994262
16.34,37.09916668863491
16.36,37.17851597023093
16.38,37.11907826635535
16.4,37.017615371624515
16.42,37.01831160842937
16.44,37.12558914122992
16.46,37.097421372702286
16.48,36.89947991184504
16.5,36.79821597577813
16.52,36.89278160952865
16.54,36.889940536935676
16.56,36.84683058623496
16.580000000000002,36.77509382227877
16.6,36.801304613842085
16.62,36.828137877756596
16.64,36.9603381898223
16.66,36.930830134254016
16.68,37.064138785465225
16.7,36.87781087375658
16.72,36.85686845585222
16.740000000000002,36.74936654894207
16.76,36.59881770941268
16.78,36.762975232509355
16.8,36.7453273137367
16.82,37.00807809139136
16.84,36.81617200265239
16.86,36.85029734820907
16.88,36.83675115457754
16.9,36.779230282695714
16.92,36.844369572442986
16.94,36.76813079638088
16.96,36.78207335459503
16.98,36.78113607349388
17.0,36.896461989292305
17.02,36.99141778735646
17.04,36.818263930784006
17.06,36.9418073419872
17.080000000000002,36.79712839147103
17.1,37.057413044865015
17.12,37.07798136044891
17.14,37.00116916065737
17.16,36.9929364872036
17.18,37.01786271238538
17.2,37.116685659598055
17.22,37.212101260230746
17.240000000000002,37.24411937967689
17.26,37.21689216940585
17.28,37.20061870936297
17.3,37.127467349102396
17.32,37.17601740925435
17.34,37.166789642405064
17.36,37.12475664703039
17.38,37.0355643993806
17.400000000000002,37.21628564694925
17.42,37.283019841732894
17.44,37.39134572394414
17.46,37.30873377599375
17.48,37.40880540657153
17.5,37.21585879547929
17.52,37.20534517911041
17.54,37.18989926225029
17.56,37.19007684916288
17.580000000000002,37.35596567042653
17.6,37.213785009613424
17.62,36.99466768325307
17.64,36.73669691851723
17.66,36.76783830204353
17.68,36.75133023806687
17.7,36.831673984403615
17.72,36.878690357500226
17.740000000000002,36.9223259011922
17.76,36.93530065835351
17.78,36.93520445837355
17.8,36.83332857050964
17.82,36.93957011724428
17.84,36.85163474743029
17.86,36.83197726640392
17.88,36.85744622080766
17.900000000000002,36.75561458026413
17.92,36.91268472049211
17.94,36.954186602063345
17.96,37.05699934187839
17.98,37.07672198008003
18.0,37.09032340164892
18.02,37.20505147475827
18.04,37.23243511218728
18.06,37.24626877884667
18.080000000000002,37.234365326849286
18.1,37.2116064871127
18.12,37.18109019630526
18.14,37.1202179523321
18.16,37.08391609106418
18.18,37.09084624669133
18.2,37.14055872383184
18.22,37.14252807986255
18.240000000000002,37.11697463575329
18.26,37.1533215659827
18.28,37.0120069772882
18.3,36.94252184178949
18.32,36.87804145612601
18.34,37.25050057170653
18.36,37.064442507649005
18.38,37.04376282753838
18.400000000000002,37.091322595424735
18.42,36.936304210173176
18.44,36.794015876385735
18.46,36.952720781212136
18.48,36.86841365423785
18.5,36.72145482386809
18.52,36.81516883343217
18.54,36.92483006794763
18.56,36.75826680634882
18.580000000000002,36.93253239642776
18.6,36.785044061303175
18.62,36.69514766721613
18.64,36.73603417362046
18.66,36.82496654621711
18.68,36.87710809728488
18.7,36.76332896923331
18.72,36.90316881828958
18.740000000000002,36.78620615640168
18.76,36.86764215241539
18.78,36.968396555136614
18.8,37.065241295672465
18.82,37.13699018795025
18.84,36.96771804197452
18.86,36.929799799964755
18.88,37.06896591982572
18.900000000000002,36.84106086152867
18.92,36.80708580163467
18.94,36.813576581510176
18.96,36.61770443457904
18.98,36.69223637579716
19.0,36.569964042708236
19.02,36.45050264766143
19.04,36.667642789997814
19.06,36.90460123845541
19.080000000000002,36.80474532471469
19.1,36.78939784892345
19.12,36.64135667207853
19.14,36.54840421452885
19.16,36.55989249900398
19.18,36.83338770188918
19.2,36.82262852970934
19.22,36.83857489854363
19.240000000000002,36.836800972689325
19.26,36.86769352140099
19.28,36.803571134395334
19.3,36.67428648122853
19.32,36.75289459696101
19.34,36.75436235587228
19.36,36.84598222968218
19.38,36.79096131680377
19.400000000000002,36.933226743389845
19.42,36.81467814901314
19.44,36.69625560294717
19.46,36.79795971843322
19.48,36.98261650863568
19.5,36.87912476681783
19.52,36.82247956668558
19.54,36.643646883594585
19.56,36.90092510270399
19.580000000000002,37.00421383444006
19.6,37.049365893560015
19.62,37.03120273195326
19.64,36.97016065910537
19.66,36.96613737448224
19.68,36.914582894405775
19.7,36.94031629348433
19.72,37.013546889038395
19.740000000000002,37.012805368273646
19.76,36.98536718815411
19.78,36.98158236807648
19.8,37.019533184494215
19.82,37.028379420375344
19.84,36.99991475051607
19.86,36.9578794397577
19.88,36.92226683149595
19.900000000000002,36.94449583808203
19.92,36.89855141112736
19.94,36.92368750823941
19.96,37.017701245447164
19.98,37.09652812994967
20.0,37.01411610400809
20.02,36.83173993094989
20.04,36.821400550055515
20.06,36.880934978889925
20.080000000000002,37.107841599084544
20.1,37.123196136808374
20.12,37.141569179270974
20.14,37.153069485523396
20.16,37.08064222079598
20.18,37.17132336524578
20.2,37.106573013669845
20.22,37.124476073916234
20.240000000000002,36.973540851797644
20.26,36.97505767630752
20.28,37.090794174752546
20.3,37.04718309890372
20.32,37.05818750977388
20.34,37.065547646422594
20.36,36.999055430036414
20.38,37.15920127561346
20.400000000000002,37.207603529421135
20.42,37.116604911664325
20.44,37.10605687130839
20.46,37.08028038049245
20.48,37.08405371529306
20.5,37.0193363551766
20.52,37.06835770934488
20.54,36.90296685710857
20.56,36.93970233393721
20.580000000000002,36.88989678012818
20.6,36.8801721451385
20.62,36.98611146587279
20.64,37.16149383777715
20.66,37.04603882460649
20.68,37.2188291094191
20.7,36.91917501705452
20.72,37.02710755356329
20.740000000000002,36.93165923184303
20.76,36.987702318312174
20.78,36.920775978739904
20.8,37.11001423553399
20.82,37.04655711416437
20.84,37.276737022711536
20.86,37.16645918863375
20.88,37.27174286361429
20.900000000000002,37.0527704686007
20.92,37.08417995028196
20.94,37.100222475185994
20.96,37.118466243628646
20.98,37.223485822327994
21.0,36.9968718182883
21.02,37.05395818743903
21.04,37.05678126629976
21.06,37.02843579710263
21.080000000000002,36.999860184583945
21.1,37.22275273378237
21.12,37.29848836681274
21.14,37.11032107994844
21.16,37.069458664720344
21.18,37.014043230544644
21.2,37.15411707439854
21.22,37.237984533367786
21.240000000000002,37.23474986046538
21.26,37.36859596544053
21.28,37.286791285277744
21.3,37.087716104270605
21.32,37.128106556173634
21.34,37.26108094603615
21.36,37.18332836411411
21.38,37.073230911519005
21.400000000000002,37.15540331258931
21.42,37.1171320063734
21.44,36.961724518445614
21.46,36.93589654833252
21.48,36.93368004770996
21.5,37.02429285501354
21.52,37.06532583888957
21.54,36.98294042381298
21.56,37.158688287091216
21.580000000000002,37.025211334998666
21.6,37.138982183851766
21.62,37.200769574015695
21.64,37.09109596120313
21.66,37.036633440692555
21.68,37.119294004857295
21.7,36.94985408917456
21.72,36.98673017374097
21.740000000000002,37.2140319442267
21.76,37.074216604507285
21.78,37.06990326636445
21.8,36.94341023011466
21.82,37.00556612196015
21.84,37.23961325341985
21.86,37.18148931850757
21.88,37.1472917958988
21.900000000000002,37.16064161731545
21.92,37.078934281013076
21.94,37.24898571469992
21.96,37.22787766648671
21.98,37.17023754224049
22.0,37.09073763412445
22.02,37.31322623292748
22.04,37.38936518324487
22.06,37.36219713179829
22.080000000000002,37.161893300165374
22.1,37.3025179639272
22.12,37.25356200996052
22.14,37.14473418950742
22.16,37.210645576674416
22.18,37.06602216722723
22.2,37.00758282277271
22.22,36.96662323421073
22.240000000000002,36.860973632517705
22.26,36.82178724940616
22.28,36.90992692414466
22.3,37.02936359618145
22.32,37.058482910996176
22.34,37.021986927818965
22.36,37.075007484077375
22.38,36.98896566019984
22.400000000000002,37.111601292064705
22.42,37.03614557542411
22.44,36.96283272360919
22.46,36.94896422148706
22.48,37.094399068512075
22.5,37.03458600720639
22.52,37.06898370614054
22.54,36.9669129318646
22.56,36.938229541546896
22.580000000000002,36.93897068451728
22.6,37.002042656655746
22.62,37.07166374250124
22.64,36.94447742071419
22.66,37.069986512357026
22.68,36.9935819304838
22.7,37.04244018584436
22.72,36.95309539695365
22.740000000000002,37.067408148804674
22.76,37.10060392302738
22.78,37.070620811187
22.8,36.865157584296696
22.82,37.06869868756624
22.84,36.901701897424935
22.86,36.957608959904064
22.88,36.93412327210084
22.900000000000002,36.97975106313246
22.92,37.095382429910714
22.94,37.01082569443033
22.96,37.066274574762396
22.98,37.128138376384754
23.0,37.23980429518767
23.02,37.22800923293103
23.04,37.208779239914136
23.06,37.21288603273626
23.080000000000002,37.13612497722493
23.1,37.22595805114034
23.12,37.21945072617965
23.14,37.26555518452005
23.16,37.2838595945668
23.18,37.20345600567951
23.2,37.14384293511946
23.22,37.06393731160878
23.240000000000002,37.16146397876916
23.26,37.004162549334296
23.28,36.96980951950398
23.3,36.86932881452845
23.32,37.02872706611541
23.34,36.93706624407711
23.36,36.98699669542925
23.38,36.89678717570738
23.400000000000002,36.802079403140276
23.42,36.92134293917355
23.44,37.05750036381339
23.46,36.98692599516804
23.48,36.979813204318475
23.5,37.09109233513067
23.52,36.86200789459462
23.54,36.958973246777816
23.56,36.95715935857243
23.580000000000002,37.01994178745427
23.6,36.9914689295741
23.62,36.98176584418383
23.64,36.884176317119405
23.66,36.79224894989859
23.68,36.975554902619955
23.7,36.80510320257334
23.72,37.01415984002208
23.740000000000002,36.973233901098155
23.76,36.87320045551689
23.78,36.807800164221156
23.8,36.81110709601611
23.82,36.87136631556087
23.84,37.121782793718076
23.86,37.11127531219827
23.88,37.06956564945817
23.900000000000002,37.03164292527273
23.92,37.04985581971097
23.94,37.01345451774694
23.96,37.088270359462115
23.98,36.86539635887757
24.0,36.948025834757814
24.02,36.90411136294914
24.04,36.76720275070327
24.060000000000002,37.10542895375791
24.080000000000002,36.99676568604968
24.1,37.002299485950864
24.12,37.0713845643142
24.14,36.94630112635051
24.16,36.959255128997405
24.18,37.06569813183736
24.2,37.090645108037926
24.22,36.914517927289346
24.240000000000002,36.83765086618637
24.26,37.013091300372906
24.28,36.87415743671521
24.3,36.94143080328924
24.32,36.979941834424196
24.34,36.96971780341079
24.36,36.86054283227993
24.38,36.84849701596506
24.400000000000002,36.854495509857564
24.42,36.97997148208305
24.44,37.050656219891515
24.46,36.871073472763776
24.48,36.92369360070688
24.5,36.82303762627494
24.52,36.75648927584386
24.54,36.6496694188096
24.560000000000002,36.666811382187156
24.580000000000002,36.637902944900745
24.6,36.66255781922886
24.62,36.666335301040185
24.64,36.65079375722461
24.66,36.63336584748066
24.68,36.75563334183245
24.7,36.75384589896356
24.72,36.72861044736074
24.740000000000002,36.76252245337452
24.76,36.7146925808816
24.78,36.68466399103662
24.8,36.7579454811155
24.82,36.7874926696237
24.84,36.69469731348114
24.86,36.56686743845968
24.88,36.71441543076324
24.900000000000002,36.69824054410883
24.92,36.77752233611594
24.94,36.77775729726335
24.96,36.47038587108932
24.98,36.62152523211091
25.0,36.760430336704204
25.02,36.7581465615377
25.04,36.71835166016936
25.060000000000002,36.812031581161165
25.080000000000002,36.62354597500348
25.1,36.7552929734323
25.12,36.865176126642936
25.14,36.70250212904095
25.16,36.811830445274246
25.18,36.82122884865827
25.2,36.82432061155216
25.22,36.69591949751544
25.240000000000002,36.678252781860365
25.26,36.57297555646349
25.28,36.5453095011266
25.3,36.61365134569754
25.32,36.62141873226574
25.34,36.593294715942214
25.36,36.66763134703382
25.38,36.59535799033165
25.400000000000002,36.6468078845728
25.42,36.60614807464841
25.44,36.691907718740914
25.46,36.776464884488995
25.48,36.765767402912545
25.5,36.783660883452384
25.52,36.625283269764
25.54,36.62366891981567
25.560000000000002,36.553955345467934
25.580000000000002,36.69395840189206
25.6,36.75923141201238
25.62,36.87783071867236
25.64,36.94891358488543
25.66,37.00012362624883
25.68,36.96193118936685
25.7,36.64163342322027
25.72,36.909523200027245
25.740000000000002,36.76923676792171
25.76,36.73728369537486
25.78,36.69234839581467
25.8,36.80089763695089
25.82,36.86889204392767
25.84,36.90790648012616
25.86,36.828109748832574
25.88,36.702641237139666
25.900000000000002,36.79595023438494
25.92,36.84437192640092
25.94,36.75750633628231
25.96,36.72383021273661
25.98,36.912360768522156
26.0,36.63382115339739
26.02,36.54292346188009
26.04,36.656963229610405
26.060000000000002,36.80016608328637
26.080000000000002,36.762468585615714
26.1,36.67771282024547
26.12,36.48213772066525
26.14,36.569452502616855
26.16,36.58651196912078
26.18,36.6933785934548
26.2,36.555930705328464
26.22,36.65364950441283
26.240000000000002,36.795800541130625
26.26,36.82678424598932
26.28,36.8455461738507
26.3,36.93081729151487
26.32,36.78969234443353
26.34,36.8304780531449
26.36,36.985851068558574
26.38,37.064821244303985
26.400000000000002,36.96334728012673
26.42,36.87385674936631
26.44,37.08139856019411
26.46,36.99157509849566
26.48,37.033207344387804
26.5,36.99683158188991
26.52,36.95731934778914
26.54,36.9923197385881
26.560000000000002,36.92073652934065
26.580000000000002,36.877807739557475
26.6,36.92108471505676
26.62,36.90740982591708
26.64,37.07729804845383
26.66,36.942968348047586
26.68,36.71010376941824
26.7,36.76159553157881
26.72,36.618200540214815
26.740000000000002,36.837713018966255
26.76,36.54514031415433
26.78,36.71482565653433
26.8,36.596105521872005
26.82,36.6472601194564
26.84,36.5878791127886
26.86,36.5392110476682
26.88,36.541774583139976
26.900000000000002,36.59868606979754
26.92,36.64665551016694
26.94,36.84004801084474
26.96,36.88215975400373
26.98,36.86136710306131
27.0,36.99267393428227
27.02,37.01021987046456
27.04,37.09625688011458
27.060000000000002,36.90653576761881
27.080000000000002,36.93451900387069
27.1,36.86540358828387
27.12,36.89497476328448
27.14,37.00079717174899
27.16,37.01824737832703
27.18,36.90260440614459
27.2,36.80881271080055
27.22,36.66379690365697
27.240000000000002,36.78321190057016
27.26,36.724881055377494
27.28,36.776858106758354
27.3,36.77349364639595
27.32,36.750045947841
27.34,36.82674185021973
27.36,36.779339112329126
27.38,36.92609289219376
27.400000000000002,36.81630325562776
27.42,36.76252782392791
27.44,36.82233760593758
27.46,36.764459222878656
27.48,36.85692545318448
27.5,36.927739263979525
27.52,36.9446429935087
27.54,37.17592790959844
27.560000000000002,37.095160978197875
27.580000000000002,37.13288611361246
27.6,37.03303120933434
27.62,36.95312088453499
27.64,36.965647349131245
27.66,36.98569074540832
27.68,36.96553514737315
27.7,36.87838751068882
27.72,36.81173708385361
27.740000000000002,36.91128100487614
27.76,36.957475165515284
27.78,36.94724796292752
27.8,36.92794052416952
27.82,36.78517102225611
27.84,36.68046004186735
27.86,36.906795820451755
27.88,36.86015126432904
27.900000000000002,37.04373694672082
27.92,36.95303824095199
27.94,36.97283174363088
27.96,36.88053946603756
27.98,36.84826413375689
28.0,36.99448240052554
28.02,36.77498935061773
28.04,36.737120734412386
28.060000000000002,36.64409531613521
28.080000000000002,36.77894755504201
28.1,36.745171924039795
28.12,36.805733305014236
28.14,36.77707893160441
28.16,36.74675867416686
28.18,36.8729012195677
28.2,36.71094696564921
28.22,36.845552291862994
28.240000000000002,36.81528727392819
28.26,36.82816663150633
28.28,36.867591406773556
28.3,36.81121371515192
28.32,36.7636079505523
28.34,36.754764318152475
28.36,36.86527510474698
28.38,36.92226188217445
28.400000000000002,36.91985236136186
28.42,36.898695969144306
28.44,36.929467542624344
28.46,36.91010309633544
28.48,36.92752416396779
28.5,36.80181329968899
28.52,36.80241308965029
28.54,36.74607266343129
28.560000000000002,36.75064290060497
28.580000000000002,36.64766780023511
28.6,36.70400420461515
28.62,36.585846748435515
28.64,36.67257669036047
28.66,36.75617337416377
28.68,36.75266597996811
28.7,36.62324446783686
28.72,36.7205364051504
28.740000000000002,36.78951057893881
28.76,36.93862792368377
28.78,36.94073378198092
28.8,36.82229094545356
28.82,36.87026126460456
28.84,36.94170162270315
28.86,36.92640767258866
28.88,36.88625640362608
28.900000000000002,36.88786671694364
28.92,36.920339523179706
28.94,36.798566195229064
28.96,36.934827463022245
28.98,37.06265429015005
29.0,37.14433719825857
29.02,36.93119255585635
29.04,36.862894393531235
29.060000000000002,36.76845644740164
29.080000000000002,36.808210225623775
29.1,36.74094797730705
29.12,36.686038074809325
29.14,36.67598413028671
29.16,36.50732896909965
29.18,36.613960179528476
29.2,36.685851055843564
29.22,36.78948908101464
29.240000000000002,36.821861096292345
29.26,36.74770443114042
29.28,36.92999691224569
29.3,36.709389366047915
29.32,36.83855365321263
29.34,36.892063020705855
29.36,36.88769707704491
29.38,37.02551343504761
29.400000000000002,36.82580264755244
29.42,36.95363611357107
29.44,36.9459485990359
29.46,36.87180951269496
29.48,36.8308579916886
29.5,36.789088269992455
29.52,36.7586077421316
29.54,36.844255492944
29.560000000000002,36.79739186536444
29.580000000000002,36.70024739200187
29.6,36.80287748355234
29.62,36.75563571322097
29.64,36.896010473751936
29.66,36.9369959638944
29.68,36.90571153678534
29.7,36.928125480413335
29.72,36.680468910858856
29.740000000000002,36.90281025658199
29.76,36.84896513476827
29.78,36.873216739026724
29.8,36.802968954661246
29.82,36.87662888931338
29.84,36.96762693300734
29.86,36.911120845730615
29.88,36.91734308322842
29.900000000000002,36.97117446752024
29.92,36.97571587634863
29.94,36.91236144525348
29.96,37.06739979301704
29.98,36.98051580099255
30.0,37.092676796419966
30.02,37.02474071765254
30.04,36.80427511506407
30.060000000000002,37.059738718108946
30.080000000000002,37.14891470453706
30.1,36.95898578821586
30.12,36.90772530010295
30.14,36.992136449743704
30.16,37.024332882831054
30.18,37.14465210226663
30.2,36.92087278082795
30.22,36.714545893411
30.240000000000002,36.717258795787224
30.26,36.80516335568275
30.28,36.95566778262191
30.3,36.916055700370386
30.32,36.96110877381083
30.34,36.89367560650782
30.36,36.96091369586393
30.38,36.87318336629819
30.400000000000002,36.75679145876914
30.42,36.849551775761526
30.44,37.00911322377285
30.46,36.804352472790626
30.48,36.91236494649187
30.5,37.069984625986876
30.52,36.85233893341079
30.54,36.93289882524566
30.560000000000002,36.743901011606305
30.580000000000002,36.734159440503554
30.6,36.718577076176
30.62,36.732840343207165
30.64,36.60336399963892
30.66,36.49133260289936
30.68,36.4789547255466
30.7,36.45873653025454
30.72,36.758478513924096
30.740000000000002,36.746637481886445
30.76,36.76836132215577
30.78,36.85556401903077
30.8,36.89747852861348
30.82,36.87035953959825
30.84,36.83140410579486
30.86,36.859814237519096
30.88,36.80435901777115
30.900000000000002,36.87691128154915
30.92,36.923647578330524
30.94,36.96400703061317
30.96,36.80981578402492
30.98,36.88037251612802
31.0,36.83852378079846
31.02,36.78078108488991
31.04,36.80647640269979
31.060000000000002,36.83185884925175
31.080000000000002,36.841008098110194
31.1,36.78371681914626
31.12,36.77144436057404
31.14,36.73338179872798
31.16,36.90724425995221
31.18,36.85878646696251
31.2,36.92767457438069
31.220000000000002,36.89846124438936
31.240000000000002,36.90492512286058
31.26,37.021767901227896
31.28,37.01273426677492
31.3,36.93577035632914
31.32,36.888772559995665
31.34,36.84830122488246
31.36,36.952098020271904
31.38,37.03648045323538
31.400000000000002,36.91896171665584
31.42,36.988383198091576
31.44,36.98059776728157
31.46,36.92257215147037
31.48,36.79560584675579
31.5,36.71415628937987
31.52,36.77652097957899
31.54,36.81528013732065
31.560000000000002,36.83800030546114
31.580000000000002,36.94266861458392
31.6,36.88845840028938
31.62,36.92914443620382
31.64,36.95216626179062
31.66,36.918978595349934
31.68,36.865718227246866
31.7,36.96328879352919
31.720000000000002,36.9400034520811
31.740000000000002,37.00897669977375
31.76,36.888952049680576
31.78,37.067550128625726
31.8,36.87891087432102
31.82,37.001850381209685
31.84,36.93092252177993
31.86,36.93720406927305
31.88,37.097669118966174
31.900000000000002,37.202541931229625
31.92,36.95170498179683
31.94,37.01384090517076
31.96,36.91271521986926
31.98,36.83648807373164
32.0,36.90414037842771
32.02,36.935641221970485
32.04,36.86113610359604
32.06,36.87840853697276
32.08,36.954550331154856
32.1,36.87659546286493
32.12,36.84709296409055
32.14,36.835296794321216
32.160000000000004,36.835504092851586
32.18,36.97024884334167
32.2,36.85615037415362
32.22,36.868631396551265
32.24,36.83910856111449
32.26,36.939375685417545
32.28,36.917474505648755
32.3,36.83178416271934
32.32,36.86973248512779
32.34,37.03892418293688
32.36,36.94419597927278
32.38,37.065535963001416
32.4,37.09050419273946
32.42,37.06976931418741
32.44,36.83892603044881
32.46,36.92419477476358
32.480000000000004,36.94007680906095
32.5,36.94530614550307
32.52,36.909723496240126
32.54,37.038987528763556
32.56,36.992090078115965
32.58,36.91530184323368
32.6,36.85447003598375
32.62,36.92574457815724
32.64,36.99520124106318
32.660000000000004,36.85225565814577
32.68,36.78867116116202
32.7,36.809203728992465
32.72,36.74891283632038
32.74,36.90742705864511
32.76,36.68583121644928
32.78,36.64451243247514
32.8,36.83604851559095
32.82,36.77832723039961
32.84,36.63917701414116
32.86,36.819739423711994
32.88,36.76830343906456
32.9,36.675520400091514
32.92,36.67658174744043
32.94,36.67418641984541
32.96,36.56446289071867
32.980000000000004,36.59112957440294
33.0,36.51204097145351
33.02,36.47194541695408
33.04,36.529552291190605
33.06,36.499941378616064
33.08,36.4596027546391
33.1,36.477896949634115
33.12,36.53669570044395
33.14,36.53927239967802
33.160000000000004,36.344973999594735
33.18,36.547428980967936
33.2,36.6709395888161
33.22,36.65525973748805
33.24,36.81321490145985
33.26,36.67542438178858
33.28,36.70536692031609
33.3,36.77315007760359
33.32,36.81221309624498
33.34,36.66431688869059
33.36,36.53919102370837
33.38,36.808280235682936
33.4,36.588162131475904
33.42,36.70389646519106
33.44,36.756201848912156
33.46,36.689377047804136
33.480000000000004,36.811879922286835
33.5,36.692055792538035
33.52,36.66261564983284
33.54,36.70057714055165
33.56,36.794404917064455
33.58,36.53052580880661
33.6,36.487043505533755
33.62,36.72923917598861
33.64,36.74715619859334
33.660000000000004,36.579561953847865
33.68,36.72576287316125
33.7,36.657663450807696
33.72,36.487031157597855
33.74,36.59486561129446
33.76,36.73163012809215
33.78,36.577774865342754
33.8,36.52506242904562
33.82,36.65880879784126
33.84,36.75644077146183
33.86,36.84406753892477
33.88,36.71628293386841
33.9,36.68911093609151
33.92,36.80598010467081
33.94,36.66448227469396
33.96,36.58719262672908
33.980000000000004,36.525825958016654
34.0,36.60041480580901
34.02,36.41649503008851
34.04,36.643901266718714
34.06,36.50288801839102
34.08,36.818967863306355
34.1,36.61844078899383
34.12,36.742078857085765
34.14,36.88834828452238
34.160000000000004,36.640517489274345
34.18,36.75050122152773
34.2,36.92469259538882
34.22,36.91982292465322
34.24,36.702858674058085
34.26,36.531051240720736
34.28,36.574068322179535
34.300000000000004,36.5580272770095
34.32,36.73392812268787
34.34,36.75604986038156
34.36,36.61869627995904
34.38,36.497423912086795
34.4,36.40418272155178
34.42,36.52392548450004
34.44,36.72944526711661
34.46,36.68747630156181
34.480000000000004,36.6670550952612
34.5,36.776894016417664
34.52,36.7190711456118
34.54,36.73564563561065
34.56,36.50075631037019
34.58,36.475210936730775
34.6,36.624078241105494
34.62,36.673020639193595
34.64,36.685878829460684
34.660000000000004,36.82307165681141
34.68,36.813754800411786
34.7,36.6543934745857
34.72,36.623154262224666
34.74,36.64084595566401
34.76,36.44697591260347
34.78,36.582166507245766
34.800000000000004,36.52532762906587
34.82,36.87090119518169
34.84,36.858517540314054
34.86,36.84065662671318
34.88,36.72650126850062
34.9,36.72410197627665
34.92,36.837266995235424
34.94,36.76718063455869
34.96,36.630622168611225
34.980000000000004,36.592241627177096
35.0,36.635999722054244
35.02,36.712117541336625
35.04,36.55656079905994
35.06,36.60399362986473
35.08,36.53974839008659
35.1,36.632015191527664
35.12,36.74756048111656
35.14,36.73468102550776
35.160000000000004,36.53462891335925
35.18,36.431113550025664
35.2,36.56021510087392
35.22,36.64202305276449
35.24,36.48388802589837
35.26,36.58332724110983
35.28,36.551649592428035
35.300000000000004,36.56158868799919
35.32,36.59472923876391
35.34,36.530502174123434
35.36,36.65432108461879
35.38,36.76279362361011
35.4,36.56683692992743
35.42,36.45664348697556
35.44,36.46834922261747
35.46,36.48155952416281
35.480000000000004,36.74059099203512
35.5,36.58304894382695
35.52,36.577571951063405
35.54,36.67022349990521
35.56,36.70326603593628
35.58,36.66375414097805
35.6,36.67284444920234
35.62,36.43944547756209
35.64,36.4237676872399
35.660000000000004,36.473318646922294
35.68,36.57041747379526
35.7,36.569638821263105
35.72,36.60252138966484
35.74,36.80651467470281
35.76,36.69884165560682
35.78,36.640602875516095
35.800000000000004,36.661482806221926
35.82,36.58433316984984
35.84,36.606795270793064
35.86,36.667047120277125
35.88,36.67614732181348
35.9,36.89117094533805
35.92,36.63287332913697
35.94,36.877685377187966
35.96,36.760276639535256
35.980000000000004,36.78322791159952
36.0,36.63033283389288
36.02,36.67975159799967
36.04,36.679155142878365
36.06,36.64077363443974
36.08,36.895909884839924
36.1,36.723788006008796
36.12,36.75908225829704
36.14,36.76945050612894
36.160000000000004,36.818030350567795
36.18,36.67110723281139
36.2,36.67960654046908
36.22,36.42537091634315
36.24,36.63179111960278
36.26,36.654450456877065
36.28,36.8230090507822
36.300000000000004,36.75795453209048
36.32,36.82817502884568
36.34,37.04509670788573
36.36,37.024085055847706
36.38,37.007604855340404
36.4,36.95459449847479
36.42,36.93368750117205
36.44,36.6559209763697
36.46,36.66855678158677
36.480000000000004,36.85600577493596
36.5,36.80776375823257
36.52,36.728627005323176
36.54,36.787130007180835
36.56,36.84934566320449
36.58,36.763720028814866
36.6,36.703332800474286
36.62,36.556012876751865
36.64,36.6602863074287
36.660000000000004,36.62193524149759
36.68,36.73070994194051
36.7,36.73096955525155
36.72,36.72822013614737
36.74,36.724447222459055
36.76,36.84411511055542
36.78,36.62532684094098
36.800000000000004,36.64889593789315
36.82,36.55409202569728
36.84,36.71303201528251
36.86,36.76894874924832
36.88,36.76889000726352
36.9,36.794896292517876
36.92,36.86068683628144
36.94,36.70143615135181
36.96,36.68021001464558
36.980000000000004,36.67004667822596
37.0,36.72674762400402
37.02,36.81294643883153
37.04,36.51121010338975
37.06,36.59609122113546
37.08,36.77070982207874
37.1,36.84676035022002
37.12,36.89861995915449
37.14,36.7945708807225
37.160000000000004,36.77573950301728
37.18,36.60748281115351
37.2,36.56774249821076
37.22,36.51982950416967
37.24,36.564290636928604
37.26,36.51559121147645
37.28,36.51161638989813
37.300000000000004,36.40769668167919
37.32,36.424462978917546
37.34,36.49575047263613
37.36,36.71795154744243
37.38,36.66052128749557
37.4,36.81513934569407
37.42,36.7938308738816
37.44,36.75497924229363
37.46,36.727513471955376
37.480000000000004,36.73307309373851
37.5,36.682744397171895
37.52,36.83996574342903
37.54,36.78742485537951
37.56,36.65845118231694
37.58,37.01301852265913
37.6,36.75488954537698
37.62,36.695351278885624
37.64,36.6705253590685
37.660000000000004,36.873040867888214
37.68,36.711934440016215
37.7,36.757333550366226
37.72,36.77791345900268
37.74,36.86093062897798
37.76,36.71328723334796
37.78,36.65044172426333
37.800000000000004,36.647199967962145
37.82,36.75999664300515
37.84,36.69683155736815
37.86,36.60802726018678
37.88,36.56090169248906
37.9,36.42289318810674
37.92,36.53746634760554
37.94,36.775448056564755
37.96,36.7415428875337
37.980000000000004,36.72424532196151
38.0,36.61596090210518
38.02,36.69222061294913
38.04,36.54403679377403
38.06,36.50837673977908
38.08,36.501266382978415
38.1,36.64761660773292
38.12,36.49621042709099
38.14,36.42454163503004
38.160000000000004,36.41374016801942
38.18,36.39123543179087
38.2,36.457674383549175
38.22,36.61807345718256
38.24,36.61206703629436
38.26,36.629061942039506
38.28,36.59921168016007
38.300000000000004,36.71980670022387
38.32,36.57298898003024
38.34,36.54476964394595
38.36,36.62963328337803
38.38,36.675034676652196
38.4,36.50082018154161
38.42,36.608484602300614
38.44,36.65203944598479
38.46,36.56203136861461
38.480000000000004,36.48322955268306
38.5,36.51917675520193
38.52,36.65109636069785
38.54,36.570240369410264
38.56,36.70734207908527
38.58,36.55207924601031
38.6,36.56194172872073
38.62,36.6133425221387
38.64,36.62516401873522
38.660000000000004,36.61890732786406
38.68,36.618341863118324
38.7,36.697904751732864
38.72,36.586522807831166
38.74,36.59834655280671
38.76,36.66495457820037
38.78,36.50432323458175
38.800000000000004,36.453607650851886
38.82,36.48284205297
38.84,36.514808218319885
38.86,36.46475141641553
38.88,36.68519752148607
38.9,36.510537266310465
38.92,36.55090004468705
38.94,36.51804394615601
38.96,36.45978127390186
38.980000000000004,36.70970428562113
39.0,36.826009529559514
39.02,36.830661128651364
39.04,36.71634160184928
39.06,36.80651774214395
39.08,36.869322933151224
39.1,36.86433874270583
39.12,36.61686040168707
39.14,36.57278425362288
39.160000000000004,36.45616926391695
39.18,36.51436243027999
39.2,36.416009733976246
39.22,36.431027792157394
39.24,36.461134907519934
39.26,36.56441413410822
39.28,36.64880993247095
39.300000000000004,36.688170406403735
39.32,36.79741352860299
39.34,36.67487788245285
39.36,36.72516149656776
39.38,36.757560887314256
39.4,36.74797669884848
39.42,36.64485585330596
39.44,36.74368814204398
39.46,36.814668035579324
39.480000000000004,36.77505612998708
39.5,37.031596111973066
39.52,37.09214682629786
39.54,37.02499103865073
39.56,36.93785334255284
39.58,37.03269333582238
39.6,36.98782701073037
39.62,37.06611122697995
39.64,37.19095953108658
39.660000000000004,37.35318024942076
39.68,37.299615423905564
39.7,37.162568214415266
39.72,37.23798219842912
39.74,37.09588485974458
39.76,37.18418014181849
39.78,37.098586437669255
39.800000000000004,37.07457569644284
39.82,37.0248140400706
39.84,37.04094366685532
39.86,36.88450231962759
39.88,37.01083211972217
39.9,37.00425936571072
39.92,37.04025259196242
39.94,37.02936157869237
39.96,37.03185517823479
39.980000000000004,36.96525902659653
40.0,36.83535048827074
40.02,36.74500936503863
40.04,36.69871489021599
40.06,36.70512478045696
40.08,36.7806780052254
40.1,36.69400553014134
40.12,36.740027527815165
40.14,36.89770517877216
40.160000000000004,36.636963272951554
40.18,36.77960205075829
40.2,36.71183304233049
40.22,36.737939803227256
40.24,36.68940229023433
40.26,36.853215116960264
40.28,36.7866407559324
40.300000000000004,36.87712011420878
40.32,36.94681407895945
40.34,36.902314651266416
40.36,36.90830607383513
40.38,36.94152922448269
40.4,36.889645406285815
40.42,36.980643285443364
40.44,36.95805047928889
40.46,37.08618070813524
40.480000000000004,37.2214016756174
40.5,37.163820952921284
40.52,37.082747356926326
40.54,36.96237786050791
40.56,37.01713139278764
40.58,37.05115398696918
40.6,36.94457497311706
40.62,36.97484950133317
40.64,36.95586380787189
40.660000000000004,36.995296394045624
40.68,36.99379872311713
40.7,36.958015310266426
40.72,36.97654869943577
40.74,37.00587396462453
40.76,36.886857214129854
40.78,36.73095436197345
40.800000000000004,36.80549786876496
40.82,36.9834722452421
40.84,37.002492323787024
40.86,36.95316174760054
40.88,36.9967357757818
40.9,36.889720227347354
40.92,36.747028355232494
40.94,36.93213981806201
40.96,36.913932137553516
40.980000000000004,37.005721353287456
41.0,36.97006425553956
41.02,36.99442540570821
41.04,36.964439583999265
41.06,36.936214633931584
41.08,37.09813674651215
41.1,37.02667294020094
41.12,36.970252565681044
41.14,36.84654245267995
41.160000000000004,37.115675723981745
41.18,36.919018036647444
41.2,37.06921459494853
41.22,37.1278325334399
41.24,37.153209504746286
41.26,37.29335425075641
41.28,37.07670002742439
41.300000000000004,36.9705659242596
41.32,37.14532091756736
41.34,37.228651718996964
41.36,37.14767411551258
41.38,37.04235327638361
41.4,37.06534575683692
41.42,37.301398951277996
41.44,37.09941351270235
41.46,37.09232719081912
41.480000000000004,36.93380712068151
41.5,36.90474589491744
41.52,37.04401913453866
41.54,37.16598800065178
41.56,36.931962106394835
41.58,36.91102664770249
41.6,36.97607751769228
41.62,37.05395896180866
41.64,37.1186403163226
41.660000000000004,36.92479786948168
41.68,36.8517750654405
41.7,36.90031477847471
41.72,36.96240823949363
41.74,36.9163304124216
41.76,37.022025443960324
41.78,36.99819532936844
41.800000000000004,37.107871990294385
41.82,37.12145056594855
41.84,37.14436713641369
41.86,37.1703236957217
41.88,37.1471938389011
41.9,37.21822675218325
41.92,37.01058662742805
41.94,37.04747840948434
41.96,37.011006157786184
41.980000000000004,37.08920916944457
42.0,37.2644338442729
42.02,37.20811692292113
42.04,37.22713044876536
42.06,37.26410928414731
42.08,37.172873378648575
42.1,37.11799899817695
42.12,37.15067763105951
42.14,36.99356612063911
42.160000000000004,36.86253067738468
42.18,37.04530102159535
42.2,36.975273170088805
42.22,37.01673339256085
42.24,36.90610782627034
42.26,36.96676793832177
42.28,36.91380899367652
42.300000000000004,36.919178909433136
42.32,36.98082082312109
42.34,36.954021501926086
42.36,36.90641820895232
42.38,37.049168299529356
42.4,37.005620562589876
42.42,37.154518288747276
42.44,36.90377302690632
42.46,36.87647404454292
42.480000000000004,36.861365759174355
42.5,36.92471879736334
42.52,37.007608145630286
42.54,37.00687658828981
42.56,36.9489567132643
42.58,36.80000380018638
42.6,36.752481013031506
42.62,36.84448634021013
42.64,36.979564407281096
42.660000000000004,36.72991529858246
42.68,36.92297441926734
42.7,36.93031432812309
42.72,36.93174594695839
42.74,37.11977713915175
42.76,37.01842540245067
42.78,37.05767971691154
42.800000000000004,37.05968486401738
42.82,37.00635446031418
42.84,37.033000282423565
42.86,37.02605432239223
42.88,37.109447105274214
42.9,37.09108609145686
42.92,36.95639298079429
42.94,36.90916425628794
42.96,36.84408755174678
42.980000000000004,36.97558478095725
43.0,37.12464027850664
43.02,37.11068535468656
43.04,36.999659503804466
43.06,37.00384035044562
43.08,36.72432807172524
43.1,36.90373826311175
43.12,37.047019241311325
43.14,36.83924930153202
43.160000000000004,36.745028069439115
43.18,36.6127212721488
43.2,36.757421020018725
43.22,36.84085590753676
43.24,36.77456469099175
43.26,36.964047879121914
43.28,36.899541611125684
43.300000000000004,36.913359407303126
43.32,36.91300050732825
43.34,36.9147272610599
43.36,36.883113429068516
43.38,36.9878951529677
43.4,37.03764040575518
43.42,37.04807525609512
43.44,37.018717141704585
43.46,37.068491588600324
43.480000000000004,36.855581690615985
43.5,36.79388535110923
43.52,36.79018531408904
43.54,36.77890023684075
43.56,36.807081622205594
43.58,36.71878914718171
43.6,36.93993329200584
43.62,36.995683695004054
43.64,36.915783974873555
43.660000000000004,37.04537585182412
43.68,37.048112202189685
43.7,36.96017189003665
43.72,37.001872104466024
43.74,37.002653897638034
43.76,36.849908684496484
43.78,36.79160188179927
43.800000000000004,36.95737173348862
43.82,36.908183384203355
43.84,36.74691547466894
43.86,36.77561729790903
43.88,36.84510898843298
43.9,36.63966299320954
43.92,36.83074431851627
43.94,36.61786712012176
43.96,36.56981996387838
43.980000000000004,36.74463667292588
44.0,36.71280852413903
44.02,36.67975348120719
44.04,36.69595354822722
44.06,36.588477644801465
44.08,36.62450275186742
44.1,36.89388157381784
44.12,36.849051337080255
44.14,36.75595001675721
44.160000000000004,36.907042982679044
44.18,36.9837827162185
44.2,36.78243673036083
44.22,36.666194467685266
44.24,36.76493831587507
44.26,36.85665373400418
44.28,36.89345479327982
44.300000000000004,36.94667801987261
44.32,36.886045956812445
44.34,36.74088257288205
44.36,37.06778833004434
44.38,37.086431856135505
44.4,37.059951423673354
44.42,37.112509611181295
44.44,37.06170528570487
44.46,37.10098590059434
44.480000000000004,37.07790591421806
44.5,37.02558947447268
44.52,36.9508108823128
44.54,36.92647686828312
44.56,36.83351258432398
44.58,36.86642166195689
44.6,36.952777923532814
44.62,36.80736643330539
44.64,36.817402467054436
44.660000000000004,36.847496638944975
44.68,36.81759237441257
44.7,36.915716560544276
44.72,36.894863640352334
44.74,37.04967959319022
44.76,36.93811296272249
44.78,36.81735685332951
44.800000000000004,36.854860755096404
44.82,36.870485245211995
44.84,36.6759534785335
44.86,36.8648038608291
44.88,36.978666735910025
44.9,37.11081636483498
44.92,36.818710711630295
44.94,36.8071004096444
44.96,36.7629229086396
44.980000000000004,36.77393219050373
45.0,36.82096514271975
45.02,36.766200156708464
45.04,36.863185442982385
45.06,36.84305148855141
45.08,36.993144142665535
45.1,37.061433735802446
45.12,37.065100781823084
45.14,37.070685914755515
45.160000000000004,37.045591986302895
45.18,36.982578456218164
45.2,36.95597637844393
45.22,36.86459854283063
45.24,36.82023983704961
45.26,36.814138954273005
45.28,36.892800470972915
45.300000000000004,36.95570443905019
45.32,36.83208967148601
45.34,36.84217269517656
45.36,36.920766500448835
45.38,36.803842364450226
45.4,36.928288668764004
45.42,36.83611121646107
45.44,36.79589412693288
45.46,36.79252882866194
45.480000000000004,36.654089473095105
45.5,36.74412296905194
45.52,36.676807335583796
45.54,36.74062769318627
45.56,36.63798870948722
45.58,36.7572320518825
45.6,36.66365684721575
45.62,36.718523994640826
45.64,36.698293618989325
45.660000000000004,36.744128940393324
45.68,36.75003121356409
45.7,36.717036858744684
45.72,36.90956182560008
45.74,36.774256137561416
45.76,36.762937884226936
45.78,36.72284586296111
45.800000000000004,36.751621329011144
45.82,36.94230308652494
45.84,36.818249013670965
45.86,36.89860262158214
45.88,36.90256185229679
45.9,37.05251119045426
45.92,37.04783648161583
45.94,36.8969035793439
45.96,36.80717296277893
45.980000000000004,36.768780752103716
46.0,36.69580263749259
46.02,36.8671386234203
46.04,36.99709982811916
46.06,36.92408458772745
46.08,36.95774705094053
46.1,36.85686468820435
46.12,36.8920323553503
46.14,36.847841812171374
46.160000000000004,36.89073428536683
46.18,36.85757071853155
46.2,36.97172628746858
46.22,36.830337767103195
46.24,36.817892456787256
46.26,36.73038671644778
46.28,37.01107756428979
46.300000000000004,37.018627220150485
46.32,36.72852779010132
46.34,36.76625728561832
46.36,36.72832509289005
46.38,36.88183845416258
46.4,36.78825044766866
46.42,36.9464402259594
46.44,36.77494550861763
46.46,36.923842819157116
46.480000000000004,36.762096658097356
46.5,36.767124660233584
46.52,36.88517064103892
46.54,36.95167523297402
46.56,36.99258933016854
46.58,36.9294005082924
46.6,36.810822626269605
46.62,36.815111304690284
46.64,36.88157259730347
46.660000000000004,36.979857919610275
46.68,36.92252154222977
46.7,36.98305927825506
46.72,36.97375109401128
46.74,37.07321613767306
46.76,37.06795829850429
46.78,36.9776665761579
46.800000000000004,36.86056406556096
46.82,36.90355739072503
46.84,36.7783302160674
46.86,36.82494661492275
46.88,36.93470610549
46.9,36.970479599993325
46.92,36.94084578000743
46.94,36.960976366870135
46.96,37.017957780455205
46.980000000000004,37.063240265696486
47.0,36.92148312239038
47.02,36.86216704817441
47.04,36.88486708305608
47.06,37.09736697225537
47.08,36.956699060822
47.1,37.0275889703929
47.12,36.819800249396
47.14,36.94402775973581
47.160000000000004,36.86972869892057
47.18,36.819389630008786
47.2,36.862176888812705
47.22,36.87834479181737
47.24,36.72963752793623
47.26,36.72288989635376
47.28,36.81660131352703
47.300000000000004,36.85628497708846
47.32,36.88296527330201
47.34,36.84999803254669
47.36,36.74428718200971
47.38,36.850962952725574
47.4,36.71563349676929
47.42,36.82514216489226
47.44,37.09572106183244
47.46,36.837933216053024
47.480000000000004,36.927711099587356
47.5,36.92559280265882
47.52,36.76572585851555
47.54,36.73138935269882
47.56,36.86352616003687
47.58,36.909460655187864
47.6,36.961903374215964
47.62,36.991334728896796
47.64,36.98883872640642
47.660000000000004,36.89401431594867
47.68,36.971928915373276
47.7,36.85843606064477
47.72,36.77411410749605
47.74,36.71332509757893
47.76,36.92014083963617
47.78,36.73749187327477
47.800000000000004,36.7793547702012
47.82,36.894355486913575
47.84,36.689499988256614
47.86,36.726127274383984
47.88,36.7138361093736
47.9,36.678984970910605
47.92,36.6484122882756
47.94,36.552865936529656
47.96,36.822851114942814
47.980000000000004,36.837073426531354
48.0,36.75633771912387
48.02,36.85648777693487
48.04,36.900566908192985
48.06,36.67398154641677
48.08,36.60556982250543
48.1,36.73734064941392
48.120000000000005,36.7626459493707
48.14,36.85207940164959
48.160000000000004,36.89723848568756
48.18,36.744461462307314
48.2,36.8133172086993
48.22,36.6031843593408
48.24,36.634187384495384
48.26,36.53963718547458
48.28,36.65620896943428
48.300000000000004,36.568808816930115
48.32,36.74777078974579
48.34,36.6821868410858
48.36,36.77599485522616
48.38,36.734473006735364
48.4,36.68927705724386
48.42,36.75140847672013
48.44,36.59107163142542
48.46,36.74970944022506
48.480000000000004,36.56335979209202
48.5,36.59138898628266
48.52,36.500781463457166
48.54,36.59026542584787
48.56,36.51858789369815
48.58,36.56996965197515
48.6,36.564135081754074
48.620000000000005,36.556799680649775
48.64,36.54464048504484
48.660000000000004,36.564625321215935
48.68,36.54888391579234
48.7,36.65460321466152
48.72,36.599304756322645
48.74,36.69132104722692
48.76,36.703129181632235
48.78,36.543019899245984
48.800000000000004,36.386554249441296
48.82,36.37896312825963
48.84,36.39584544322256
48.86,36.35444001327261
48.88,36.41010989108297
48.9,36.41931301721216
48.92,36.549299385171565
48.94,36.590365846047725
48.96,36.65360418013487
48.980000000000004,36.630848139254816
49.0,36.74899710320494
49.02,36.72893181595621
49.04,36.74319946252984
49.06,36.813192011614156
49.08,36.834449030958275
49.1,36.8503549133249
49.120000000000005,36.80561290491861
49.14,36.79108829378053
49.160000000000004,36.64417147314794
49.18,36.552562122775676
49.2,36.548706896164454
49.22,36.57914576868179
49.24,36.649031848615635
49.26,36.705102893740815
49.28,36.859804807424325
49.300000000000004,36.588472813479264
49.32,36.82351090287841
49.34,36.833563780050916
49.36,36.89385101912292
49.38,36.89005953443242
49.4,36.75148197994254
49.42,36.8227524754169
49.44,36.870168649689305
49.46,36.72361370030413
49.480000000000004,36.64289943614094
49.5,36.70979415492907
49.52,36.86014918598492
49.54,36.8185185339906
49.56,36.821036669246176
49.58,36.81908538604685
49.6,36.84948506483043
49.620000000000005,37.01764931848919
49.64,36.99891369509896
49.660000000000004,36.95346406774625
49.68,36.92340011663717
49.7,36.99021384641738
49.72,36.94982828642966
49.74,36.86126124600986
49.76,36.78482300679666
49.78,36.784251456631466
49.800000000000004,36.806686190577004
49.82,36.68157606334938
49.84,36.57353563271603
49.86,36.59713194339757
49.88,36.686226367369095
49.9,36.726096883642995
49.92,36.61776353481096
49.94,36.6438657555772
49.96,36.72080919818539
49.980000000000004,36.87276107689198
