6AM5	ctrl_cb	phase1	300	A1-180/0 B1-100/0 D1-115/0 E1-120/0 10-10	A159,A7,A99,A63,A147,A66,A77,A70,A155,D30,E97,A143,A146,A167,A73,A156,A67,A80,A97,A84,E30,E96,A116,A152,A171,D50,E98,A5,A9,A59,A81,A45,A76,A114,A123,D31,E95	diffuser.T=30	-	models/Complex_base_ckpt.pt
6AM5	n0_T30	phase1	300	A1-180/0 B1-100/0 D1-115/0 E1-120/0 10-10	A159,A7,A99,A63,A147,A66,A77,A70,A155,D30,E97,A143,A146,A167,A73,A156,A67,A80,A97,A84,E30,E96,A116,A152,A171,D50,E98,A5,A9,A59,A81,A45,A76,A114,A123,D31,E95	diffuser.T=30 denoiser.noise_scale_ca=0 denoiser.noise_scale_frame=0	-	models/Complex_base_ckpt.pt
6AM5	n0_T50	phase1	300	A1-180/0 B1-100/0 D1-115/0 E1-120/0 10-10	A159,A7,A99,A63,A147,A66,A77,A70,A155,D30,E97,A143,A146,A167,A73,A156,A67,A80,A97,A84,E30,E96,A116,A152,A171,D50,E98,A5,A9,A59,A81,A45,A76,A114,A123,D31,E95	diffuser.T=50 denoiser.noise_scale_ca=0 denoiser.noise_scale_frame=0	-	models/Complex_base_ckpt.pt
6AM5	T50	phase1	300	A1-180/0 B1-100/0 D1-115/0 E1-120/0 10-10	A159,A7,A99,A63,A147,A66,A77,A70,A155,D30,E97,A143,A146,A167,A73,A156,A67,A80,A97,A84,E30,E96,A116,A152,A171,D50,E98,A5,A9,A59,A81,A45,A76,A114,A123,D31,E95	diffuser.T=50	-	models/Complex_base_ckpt.pt
6AM5	as_denovo	phase1	300	A1-180/0 B1-100/0 D1-115/0 E1-120/0 10-10	A159,A7,A99,A63,A147,A66,A77,A70,A155,D30,E97,A143,A146,A167,A73,A156,A67,A80,A97,A84,E30,E96,A116,A152,A171,D50,E98,A5,A9,A59,A81,A45,A76,A114,A123,D31,E95	diffuser.T=30	-	models/ActiveSite_ckpt.pt
6AMU	ctrl_cb	phase1	300	A2-180/0 B0-99/0 D2-115/0 E4-120/0 10-10	E100,A159,A7,D30,A66,A77,A147,A167,A156,A63,A146,A155,E99,A99,A116,D93,A152,A97,A70,A9,A59,A171,E102,A73,A80,A81,A123,A143,D28,D91,D94,A5,A67,A114,E101,A150,E98,A45,A84,A163,D92,D95	diffuser.T=30	-	models/Complex_base_ckpt.pt
6AMU	n0_T30	phase1	300	A2-180/0 B0-99/0 D2-115/0 E4-120/0 10-10	E100,A159,A7,D30,A66,A77,A147,A167,A156,A63,A146,A155,E99,A99,A116,D93,A152,A97,A70,A9,A59,A171,E102,A73,A80,A81,A123,A143,D28,D91,D94,A5,A67,A114,E101,A150,E98,A45,A84,A163,D92,D95	diffuser.T=30 denoiser.noise_scale_ca=0 denoiser.noise_scale_frame=0	-	models/Complex_base_ckpt.pt
6AMU	n0_T50	phase1	300	A2-180/0 B0-99/0 D2-115/0 E4-120/0 10-10	E100,A159,A7,D30,A66,A77,A147,A167,A156,A63,A146,A155,E99,A99,A116,D93,A152,A97,A70,A9,A59,A171,E102,A73,A80,A81,A123,A143,D28,D91,D94,A5,A67,A114,E101,A150,E98,A45,A84,A163,D92,D95	diffuser.T=50 denoiser.noise_scale_ca=0 denoiser.noise_scale_frame=0	-	models/Complex_base_ckpt.pt
6AMU	T50	phase1	300	A2-180/0 B0-99/0 D2-115/0 E4-120/0 10-10	E100,A159,A7,D30,A66,A77,A147,A167,A156,A63,A146,A155,E99,A99,A116,D93,A152,A97,A70,A9,A59,A171,E102,A73,A80,A81,A123,A143,D28,D91,D94,A5,A67,A114,E101,A150,E98,A45,A84,A163,D92,D95	diffuser.T=50	-	models/Complex_base_ckpt.pt
6AMU	as_denovo	phase1	300	A2-180/0 B0-99/0 D2-115/0 E4-120/0 10-10	E100,A159,A7,D30,A66,A77,A147,A167,A156,A63,A146,A155,E99,A99,A116,D93,A152,A97,A70,A9,A59,A171,E102,A73,A80,A81,A123,A143,D28,D91,D94,A5,A67,A114,E101,A150,E98,A45,A84,A163,D92,D95	diffuser.T=30	-	models/ActiveSite_ckpt.pt
