6AM5_fixall	6AM5	fixall	A1-180/0 B1-100/0 D1-115/0 E1-120/0 C1-10	A159,A7,A99,A63,A147,A66,A77,A70,A155,D30,E97,A143,A146,A167,A73,A156,A67,A80,A97,A84,E30,E96,A116,A152,A171,D50,E98,A5,A9,A59,A81,A45,A76,A114,A123,D31,E95
6AM5_fix8	6AM5	fix8	A1-180/0 B1-100/0 D1-115/0 E1-120/0 C1-4/2-2/C7-10	A159,A7,A99,A63,A147,A66,A77,A70,A155,D30,E97,A143,A146,A167,A73,A156,A67,A80,A97,A84,E30,E96,A116,A152,A171,D50,E98,A5,A9,A59,A81,A45,A76,A114,A123,D31,E95
6AM5_fix6	6AM5	fix6	A1-180/0 B1-100/0 D1-115/0 E1-120/0 C1-3/4-4/C8-10	A159,A7,A99,A63,A147,A66,A77,A70,A155,D30,E97,A143,A146,A167,A73,A156,A67,A80,A97,A84,E30,E96,A116,A152,A171,D50,E98,A5,A9,A59,A81,A45,A76,A114,A123,D31,E95
6AM5_fix4	6AM5	fix4	A1-180/0 B1-100/0 D1-115/0 E1-120/0 C1-2/6-6/C9-10	A159,A7,A99,A63,A147,A66,A77,A70,A155,D30,E97,A143,A146,A167,A73,A156,A67,A80,A97,A84,E30,E96,A116,A152,A171,D50,E98,A5,A9,A59,A81,A45,A76,A114,A123,D31,E95
6AM5_fix2	6AM5	fix2	A1-180/0 B1-100/0 D1-115/0 E1-120/0 1-1/C2-2/6-6/C9-9/1-1	A159,A7,A99,A63,A147,A66,A77,A70,A155,D30,E97,A143,A146,A167,A73,A156,A67,A80,A97,A84,E30,E96,A116,A152,A171,D50,E98,A5,A9,A59,A81,A45,A76,A114,A123,D31,E95
6AM5_fix0	6AM5	fix0	A1-180/0 B1-100/0 D1-115/0 E1-120/0 10-10	A159,A7,A99,A63,A147,A66,A77,A70,A155,D30,E97,A143,A146,A167,A73,A156,A67,A80,A97,A84,E30,E96,A116,A152,A171,D50,E98,A5,A9,A59,A81,A45,A76,A114,A123,D31,E95
6AMU_fixall	6AMU	fixall	A2-180/0 B0-99/0 D2-115/0 E4-120/0 C1-10	E100,A159,A7,D30,A66,A77,A147,A167,A156,A63,A146,A155,E99,A99,A116,D93,A152,A97,A70,A9,A59,A171,E102,A73,A80,A81,A123,A143,D28,D91,D94,A5,A67,A114,E101,A150,E98,A45,A84,A163,D92,D95
6AMU_fix8	6AMU	fix8	A2-180/0 B0-99/0 D2-115/0 E4-120/0 C1-4/2-2/C7-10	E100,A159,A7,D30,A66,A77,A147,A167,A156,A63,A146,A155,E99,A99,A116,D93,A152,A97,A70,A9,A59,A171,E102,A73,A80,A81,A123,A143,D28,D91,D94,A5,A67,A114,E101,A150,E98,A45,A84,A163,D92,D95
6AMU_fix6	6AMU	fix6	A2-180/0 B0-99/0 D2-115/0 E4-120/0 C1-3/4-4/C8-10	E100,A159,A7,D30,A66,A77,A147,A167,A156,A63,A146,A155,E99,A99,A116,D93,A152,A97,A70,A9,A59,A171,E102,A73,A80,A81,A123,A143,D28,D91,D94,A5,A67,A114,E101,A150,E98,A45,A84,A163,D92,D95
6AMU_fix4	6AMU	fix4	A2-180/0 B0-99/0 D2-115/0 E4-120/0 C1-2/6-6/C9-10	E100,A159,A7,D30,A66,A77,A147,A167,A156,A63,A146,A155,E99,A99,A116,D93,A152,A97,A70,A9,A59,A171,E102,A73,A80,A81,A123,A143,D28,D91,D94,A5,A67,A114,E101,A150,E98,A45,A84,A163,D92,D95
6AMU_fix2	6AMU	fix2	A2-180/0 B0-99/0 D2-115/0 E4-120/0 1-1/C2-2/6-6/C9-9/1-1	E100,A159,A7,D30,A66,A77,A147,A167,A156,A63,A146,A155,E99,A99,A116,D93,A152,A97,A70,A9,A59,A171,E102,A73,A80,A81,A123,A143,D28,D91,D94,A5,A67,A114,E101,A150,E98,A45,A84,A163,D92,D95
6AMU_fix0	6AMU	fix0	A2-180/0 B0-99/0 D2-115/0 E4-120/0 10-10	E100,A159,A7,D30,A66,A77,A147,A167,A156,A63,A146,A155,E99,A99,A116,D93,A152,A97,A70,A9,A59,A171,E102,A73,A80,A81,A123,A143,D28,D91,D94,A5,A67,A114,E101,A150,E98,A45,A84,A163,D92,D95
