6AM5	xo_nt5_own	xover	100	A1-180/0 B1-100/0 D1-115/0 E1-120/0 C1-5/5-5	A159,A7,A99,A63,A147,A66,A77,A70,A155,D30,E97,A143,A146,A167,A73,A156,A67,A80,A97,A84,E30,E96,A116,A152,A171,D50,E98,A5,A9,A59,A81,A45,A76,A114,A123,D31,E95
6AM5	xo_nt4_own	xover	100	A1-180/0 B1-100/0 D1-115/0 E1-120/0 C1-4/6-6	A159,A7,A99,A63,A147,A66,A77,A70,A155,D30,E97,A143,A146,A167,A73,A156,A67,A80,A97,A84,E30,E96,A116,A152,A171,D50,E98,A5,A9,A59,A81,A45,A76,A114,A123,D31,E95
6AM5	xo_nt3_own	xover	100	A1-180/0 B1-100/0 D1-115/0 E1-120/0 C1-3/7-7	A159,A7,A99,A63,A147,A66,A77,A70,A155,D30,E97,A143,A146,A167,A73,A156,A67,A80,A97,A84,E30,E96,A116,A152,A171,D50,E98,A5,A9,A59,A81,A45,A76,A114,A123,D31,E95
6AM5	xo_nt2_own	xover	100	A1-180/0 B1-100/0 D1-115/0 E1-120/0 C1-2/8-8	A159,A7,A99,A63,A147,A66,A77,A70,A155,D30,E97,A143,A146,A167,A73,A156,A67,A80,A97,A84,E30,E96,A116,A152,A171,D50,E98,A5,A9,A59,A81,A45,A76,A114,A123,D31,E95
6AM5	xo_nt4_cross	xover	100	A1-180/0 B1-100/0 D1-115/0 E1-120/0 C1-4/6-6	E100,A159,A7,D30,A66,A77,A147,A167,A156,A63,A146,A155,E99,A99,A116,D93,A152,A97,A70,A9,A59,A171,E102,A73,A80,A81,A123,A143,D28,D91,D94,A5,A67,A114,E101,A150,E98,A45,A84,A163,D92,D95
6AM5	xo_nt2_cross	xover	100	A1-180/0 B1-100/0 D1-115/0 E1-120/0 C1-2/8-8	E100,A159,A7,D30,A66,A77,A147,A167,A156,A63,A146,A155,E99,A99,A116,D93,A152,A97,A70,A9,A59,A171,E102,A73,A80,A81,A123,A143,D28,D91,D94,A5,A67,A114,E101,A150,E98,A45,A84,A163,D92,D95
6AMU	xo_nt5_own	xover	100	A2-180/0 B0-99/0 D2-115/0 E4-120/0 C1-5/5-5	E100,A159,A7,D30,A66,A77,A147,A167,A156,A63,A146,A155,E99,A99,A116,D93,A152,A97,A70,A9,A59,A171,E102,A73,A80,A81,A123,A143,D28,D91,D94,A5,A67,A114,E101,A150,E98,A45,A84,A163,D92,D95
6AMU	xo_nt4_own	xover	100	A2-180/0 B0-99/0 D2-115/0 E4-120/0 C1-4/6-6	E100,A159,A7,D30,A66,A77,A147,A167,A156,A63,A146,A155,E99,A99,A116,D93,A152,A97,A70,A9,A59,A171,E102,A73,A80,A81,A123,A143,D28,D91,D94,A5,A67,A114,E101,A150,E98,A45,A84,A163,D92,D95
6AMU	xo_nt3_own	xover	100	A2-180/0 B0-99/0 D2-115/0 E4-120/0 C1-3/7-7	E100,A159,A7,D30,A66,A77,A147,A167,A156,A63,A146,A155,E99,A99,A116,D93,A152,A97,A70,A9,A59,A171,E102,A73,A80,A81,A123,A143,D28,D91,D94,A5,A67,A114,E101,A150,E98,A45,A84,A163,D92,D95
6AMU	xo_nt2_own	xover	100	A2-180/0 B0-99/0 D2-115/0 E4-120/0 C1-2/8-8	E100,A159,A7,D30,A66,A77,A147,A167,A156,A63,A146,A155,E99,A99,A116,D93,A152,A97,A70,A9,A59,A171,E102,A73,A80,A81,A123,A143,D28,D91,D94,A5,A67,A114,E101,A150,E98,A45,A84,A163,D92,D95
6AMU	xo_nt4_cross	xover	100	A2-180/0 B0-99/0 D2-115/0 E4-120/0 C1-4/6-6	A159,A7,A99,A63,A147,A66,A77,A70,A155,D30,E97,A143,A146,A167,A73,A156,A67,A80,A97,A84,E30,E96,A116,A152,A171,D50,E98,A5,A9,A59,A81,A45,A76,A114,A123,D31,E95
6AMU	xo_nt2_cross	xover	100	A2-180/0 B0-99/0 D2-115/0 E4-120/0 C1-2/8-8	A159,A7,A99,A63,A147,A66,A77,A70,A155,D30,E97,A143,A146,A167,A73,A156,A67,A80,A97,A84,E30,E96,A116,A152,A171,D50,E98,A5,A9,A59,A81,A45,A76,A114,A123,D31,E95
