6AMU	L1_nterm	3	A2-180/0 B0-99/0 D2-115/0 E4-120/0 10-10	A159,A66,A70
6AMU	L2_nterm_t1	4	A2-180/0 B0-99/0 D2-115/0 E4-120/0 10-10	A159,A66,A70,E100
6AMU	L3_nterm_t2	5	A2-180/0 B0-99/0 D2-115/0 E4-120/0 10-10	A159,A66,A70,E100,D30
6AMU	L4_expanded	9	A2-180/0 B0-99/0 D2-115/0 E4-120/0 10-10	A159,A66,A70,A9,A77,A80,E100,D30,E99
6AMU	L5_max	12	A2-180/0 B0-99/0 D2-115/0 E4-120/0 10-10	A159,A66,A70,A9,A77,A80,A116,A143,E100,D30,E99,D93
6AM5	L1_nterm	3	A1-180/0 B1-100/0 D1-115/0 E1-120/0 10-10	A159,A66,A70
6AM5	L2_nterm_t1	4	A1-180/0 B1-100/0 D1-115/0 E1-120/0 10-10	A159,A66,A70,E97
6AM5	L3_nterm_t2	5	A1-180/0 B1-100/0 D1-115/0 E1-120/0 10-10	A159,A66,A70,E97,D30
6AM5	L4_expanded	9	A1-180/0 B1-100/0 D1-115/0 E1-120/0 10-10	A159,A66,A70,A9,A77,A80,E97,D30,E96
6AM5	L5_max	12	A1-180/0 B1-100/0 D1-115/0 E1-120/0 10-10	A159,A66,A70,A9,A77,A80,A116,A143,E97,D30,E96,E30
