dataset,temp,model,arm,complex,native,n,n_unique,mean_recovery,frac_native_seq,mean_entropy_bits,top_seq,top_seq_frac
skempi,0.3,esmif,full,1BD2_ABC_DE,LLFGYPVYV,10000,193,0.3988,0.0,0.4854,MFYGYPEIP,0.153
skempi,0.3,esmif,full,1LP9_ABC_EF,ALWGFFPVL,10000,355,0.5128,0.0,0.6048,MLFGDFPRL,0.1522
skempi,0.3,esmif,full,1MI5_ABC_DE,FLRGRAYGL,10000,323,0.3827,0.0,0.5646,MPFGEVFGL,0.2157
skempi,0.3,esmif,full,1QSE_ABC_DE,LLFGYPRYV,10000,839,0.5543,0.0,0.7714,MLFGFPRPF,0.1048
skempi,0.3,esmif,full,2AK4_ABC_DE,LPEPLPQGQLTAY,10000,527,0.4057,0.0,0.4036,MALPLPKGELISA,0.3113
skempi,0.3,esmif,full,2BNQ_ABC_DE,SLLMWITQV,10000,470,0.4489,0.0,0.6723,MLLQWETVP,0.1236
skempi,0.3,esmif,full,2E7L_EQ_AD,QLSPFPFDL,10000,424,0.6059,0.0,0.7025,SLMPYPFDL,0.0672
skempi,0.3,esmif,full,2J8U_ABC_EF,ALWGFFPVL,10000,297,0.4488,0.0,0.572,MFWGYFPLP,0.1528
skempi,0.3,esmif,full,2JCC_ABC_EF,ALWGFFPVL,10000,626,0.5819,0.0,0.7818,MLWGFHPEL,0.1007
skempi,0.3,esmif,full,2OI9_AQ_BC,QLSPFPFDL,10000,373,0.5784,0.0,0.5933,GLLPYPFDV,0.1393
skempi,0.3,esmif,full,2PYE_ABC_DE,SLLMWITQC,10000,702,0.3582,0.0,0.7821,MLLQYWTKL,0.1638
skempi,0.3,esmif,full,2UWE_ABC_EF,ALWGFFPVL,10000,327,0.6679,0.0,0.5993,MLWGFFPEL,0.1849
skempi,0.3,esmif,full,3C60_CD_AB,FEAQKAKANKAVD,10000,4150,0.1277,0.0,0.9734,MPMTLFRPQPWTD,0.0132
skempi,0.3,esmif,full,3D3V_ABC_DE,LLFGFPVYV,10000,332,0.5845,0.0,0.5198,MLFGYPVIL,0.2676
skempi,0.3,esmif,full,3H9S_ABC_DE,MLWGYLQYV,10000,1370,0.3617,0.0,1.0173,SLRGWIEPE,0.0839
skempi,0.3,esmif,full,3PWP_ABC_DE,LGYGFVNYI,10000,932,0.3229,0.0,0.851,MRYGFPTLE,0.0501
skempi,0.3,esmif,full,3QDJ_ABC_DE,AAGIGILTV,10000,3637,0.2168,0.0,1.4707,SAASGFITE,0.0208
skempi,0.3,esmif,full,3QIB_ABP_CD,ADLIAYLKQATKG,10000,2002,0.288,0.0,0.7728,MRKLAFFREETFG,0.0425
skempi,0.3,esmif,full,4FTV_ABC_DE,LLFGYPVYV,10000,288,0.6627,0.0,0.4749,MLFGWPVYF,0.2819
skempi,0.3,esmif,full,4JFD_ABC_DE,ELAAIGILTV,10000,67,0.4028,0.0,0.0956,MLAQIGFYSP,0.8736
skempi,0.3,esmif,full,4JFE_ABC_DE,ELAGIGALTV,10000,723,0.3038,0.0,0.7747,MFRDIGFYTP,0.1324
skempi,0.3,esmif,full,4JFF_ABC_DE,ELAGIGILTV,10000,101,0.5834,0.0,0.2769,MLAGIGWYTP,0.5106
skempi,0.3,esmif,full,4L3E_ABC_DE,ELAGIGILTV,10000,493,0.4629,0.0,0.5423,MLAQIGIIPP,0.1772
skempi,0.3,esmif,full,4MNQ_ABC_DE,ILAKFLHWL,10000,2970,0.3586,0.0,1.4154,SLSKELRFF,0.0372
skempi,0.3,esmif,full,4OZG_ABJ_GH,APQPELPYPQPG,10000,1710,0.4805,0.0,0.75,MFVPARPYPYPG,0.0661
skempi,0.3,esmif,full,4P23_CD_AB,FEAQKAKANKAVD,10000,3029,0.2781,0.0,0.8812,SRLFLARPQRAVE,0.02
skempi,0.3,esmif,full,4P5T_CD_AB,FEAQKAKANKAVD,10000,2906,0.3705,0.0,0.8181,MEFNWAQPQKAVD,0.0484
skempi,0.3,esmif,full,5E9D_AB_CDE,ELAGIGILTV,10000,232,0.7149,0.0,0.356,MLAGIGIRTP,0.4403
skempi,0.3,esmif,notcr,1BD2_ABC_DE,LLFGYPVYV,10000,2448,0.1694,0.0,1.2389,MFFDQPLVP,0.045
skempi,0.3,esmif,notcr,1LP9_ABC_EF,ALWGFFPVL,10000,1962,0.4149,0.0,1.1156,MLMNIFPTF,0.0503
skempi,0.3,esmif,notcr,1MI5_ABC_DE,FLRGRAYGL,10000,732,0.3178,0.0,0.6736,MPFGETLGL,0.3065
skempi,0.3,esmif,notcr,1QSE_ABC_DE,LLFGYPRYV,10000,2000,0.2873,0.0,1.068,MLFDQPVVF,0.0452
skempi,0.3,esmif,notcr,2AK4_ABC_DE,LPEPLPQGQLTAY,10000,583,0.463,0.0,0.5166,GPMPLPEGELVSA,0.0852
skempi,0.3,esmif,notcr,2BNQ_ABC_DE,SLLMWITQV,10000,1530,0.2543,0.0,1.0635,MLLEERQVP,0.0376
skempi,0.3,esmif,notcr,2E7L_EQ_AD,QLSPFPFDL,10000,798,0.4847,0.0,0.7548,MLMPMPFEI,0.1357
skempi,0.3,esmif,notcr,2J8U_ABC_EF,ALWGFFPVL,10000,347,0.3624,0.0,0.6168,MFWGIHPLP,0.1734
skempi,0.3,esmif,notcr,2JCC_ABC_EF,ALWGFFPVL,10000,1303,0.4625,0.0,1.0288,MLRDFHPTL,0.0224
skempi,0.3,esmif,notcr,2OI9_AQ_BC,QLSPFPFDL,10000,944,0.455,0.0,0.8477,MLLPYPFAI,0.1079
skempi,0.3,esmif,notcr,2PYE_ABC_DE,SLLMWITQC,10000,3324,0.2581,0.0,1.3792,MLLEKWDVL,0.0187
skempi,0.3,esmif,notcr,2UWE_ABC_EF,ALWGFFPVL,10000,847,0.6064,0.0,0.7906,MLWGIFPSL,0.1259
skempi,0.3,esmif,notcr,3C60_CD_AB,FEAQKAKANKAVD,10000,2546,0.1829,0.0,0.8086,MEMTLFTPQPATD,0.0646
skempi,0.3,esmif,notcr,3D3V_ABC_DE,LLFGFPVYV,10000,962,0.3803,0.0,0.815,MLFPNPVLL,0.0538
skempi,0.3,esmif,notcr,3H9S_ABC_DE,MLWGYLQYV,10000,2703,0.2061,0.0,1.2373,MLRDFILPF,0.0521
skempi,0.3,esmif,notcr,3PWP_ABC_DE,LGYGFVNYI,10000,2751,0.1214,0.0,1.2858,MLYPNPVLV,0.0324
skempi,0.3,esmif,notcr,3QDJ_ABC_DE,AAGIGILTV,10000,5327,0.1646,0.0,1.5942,SPPDGFVPF,0.0117
skempi,0.3,esmif,notcr,3QIB_ABP_CD,ADLIAYLKQATKG,10000,4597,0.0897,0.0,1.0299,MRELETFPEVEFG,0.0075
skempi,0.3,esmif,notcr,4FTV_ABC_DE,LLFGYPVYV,10000,488,0.4443,0.0,0.5725,MLFENPVLP,0.2661
skempi,0.3,esmif,notcr,4JFD_ABC_DE,ELAAIGILTV,10000,400,0.4373,0.0,0.479,MLADRGIYTP,0.2903
skempi,0.3,esmif,notcr,4JFE_ABC_DE,ELAGIGALTV,10000,1434,0.2,0.0,0.8292,MLMDRGFYAP,0.1112
skempi,0.3,esmif,notcr,4JFF_ABC_DE,ELAGIGILTV,10000,1049,0.4373,0.0,0.7935,MLADRGILSP,0.0696
skempi,0.3,esmif,notcr,4L3E_ABC_DE,ELAGIGILTV,10000,511,0.4168,0.0,0.5851,MLASEGIIPP,0.1764
skempi,0.3,esmif,notcr,4MNQ_ABC_DE,ILAKFLHWL,10000,4064,0.2264,0.0,1.4425,MLSDFDFRF,0.0526
skempi,0.3,esmif,notcr,4OZG_ABJ_GH,APQPELPYPQPG,10000,2956,0.4115,0.0,0.9314,MFVPAWPEPYPG,0.035
skempi,0.3,esmif,notcr,4P23_CD_AB,FEAQKAKANKAVD,10000,3175,0.3271,0.0,0.8537,APLTLAKPQKAVE,0.0358
skempi,0.3,esmif,notcr,4P5T_CD_AB,FEAQKAKANKAVD,10000,1980,0.4246,0.0,0.7257,MEFNIAKPQKAVD,0.1171
skempi,0.3,esmif,notcr,5E9D_AB_CDE,ELAGIGILTV,10000,842,0.6063,0.0,0.7902,MLAGTGIETV,0.0785
skempi,0.3,ligandmpnn,full,1BD2_ABC_DE,LLFGYPVYV,9984,630,0.4367,0.0,0.7532,MTFGFPVNL,0.1017
skempi,0.3,ligandmpnn,full,1MI5_ABC_DE,FLRGRAYGL,9984,129,0.5771,0.0,0.3449,MLKGRAFPL,0.4049
skempi,0.3,ligandmpnn,full,1QSE_ABC_DE,LLFGYPRYV,9984,387,0.4603,0.0,0.4692,MPFGFPRRL,0.3543
skempi,0.3,ligandmpnn,full,2AK4_ABC_DE,LPEPLPQGQLTAY,9984,631,0.4539,0.0,0.4884,MPLPLPKGALQPF,0.2014
skempi,0.3,ligandmpnn,full,2BNQ_ABC_DE,SLLMWITQV,9984,237,0.3835,0.0,0.4296,MPPTWITPL,0.2887
skempi,0.3,ligandmpnn,full,2E7L_EQ_AD,QLSPFPFDL,9984,148,0.6169,0.0,0.5241,ALPPMPFDL,0.1612
skempi,0.3,ligandmpnn,full,2OI9_AQ_BC,QLSPFPFDL,9984,143,0.659,0.0,0.2884,PLPPPPFDL,0.4333
skempi,0.3,ligandmpnn,full,2PYE_ABC_DE,SLLMWITQC,9984,722,0.3824,0.0,0.7363,MLLTHLTQM,0.1207
skempi,0.3,ligandmpnn,full,3C60_CD_AB,FEAQKAKANKAVD,9984,5172,0.1678,0.0,1.0711,YPMQITRAPVAPE,0.0114
skempi,0.3,ligandmpnn,full,3D3V_ABC_DE,LLFGFPVYV,9984,171,0.5032,0.0,0.3341,MLFGWPVVL,0.4288
skempi,0.3,ligandmpnn,full,3H9S_ABC_DE,MLWGYLQYV,9984,1306,0.2595,0.0,0.9068,MFMGFILPF,0.0758
skempi,0.3,ligandmpnn,full,3PWP_ABC_DE,LGYGFVNYI,9984,374,0.3082,0.0,0.6788,MLFGFPRFF,0.078
skempi,0.3,ligandmpnn,full,3QDJ_ABC_DE,AAGIGILTV,9984,1116,0.2022,0.0,0.9231,MFGVGYMST,0.0667
skempi,0.3,ligandmpnn,full,3QIB_ABP_CD,ADLIAYLKQATKG,9984,5014,0.4115,0.0,1.0437,MKPLAYLRQSTRG,0.0062
skempi,0.3,ligandmpnn,full,4FTV_ABC_DE,LLFGYPVYV,9984,94,0.619,0.0,0.3271,MLFGYPVVF,0.3266
skempi,0.3,ligandmpnn,full,4JFD_ABC_DE,ELAAIGILTV,9984,329,0.4215,0.0,0.5206,MLPGLGILSS,0.1822
skempi,0.3,ligandmpnn,full,4JFE_ABC_DE,ELAGIGALTV,9984,254,0.4647,0.0,0.4431,MLPGLGYLSV,0.1803
skempi,0.3,ligandmpnn,full,4JFF_ABC_DE,ELAGIGILTV,9984,328,0.5875,0.0,0.5017,MLPGIGILSV,0.2157
skempi,0.3,ligandmpnn,full,4L3E_ABC_DE,ELAGIGILTV,9984,739,0.4298,0.0,0.6588,MPPGIGITTM,0.1307
skempi,0.3,ligandmpnn,full,4MNQ_ABC_DE,ILAKFLHWL,9984,1524,0.4016,0.0,0.9156,MLSNFLIHL,0.0528
skempi,0.3,ligandmpnn,full,4OZG_ABJ_GH,APQPELPYPQPG,9984,4249,0.3785,0.0,1.0335,SFVPEVPEPFPS,0.0083
skempi,0.3,ligandmpnn,full,4P5T_CD_AB,FEAQKAKANKAVD,9984,1670,0.2903,0.0,0.6706,MEYNVSKPVVAVE,0.0435
skempi,0.3,ligandmpnn,full,5E9D_AB_CDE,ELAGIGILTV,9984,574,0.6229,0.0,0.5429,MLPGIGILTS,0.2627
skempi,0.3,ligandmpnn,notcr,1BD2_ABC_DE,LLFGYPVYV,9984,1048,0.2383,0.0,0.8219,MTFSHPQPL,0.142
skempi,0.3,ligandmpnn,notcr,1MI5_ABC_DE,FLRGRAYGL,9984,303,0.3595,0.0,0.5487,MLKNRTQPL,0.1629
skempi,0.3,ligandmpnn,notcr,1QSE_ABC_DE,LLFGYPRYV,9984,1831,0.3453,0.0,1.0384,MLFPHPVPL,0.0442
skempi,0.3,ligandmpnn,notcr,2AK4_ABC_DE,LPEPLPQGQLTAY,9984,719,0.4038,0.0,0.5255,MPLPLPEGELVPF,0.1594
skempi,0.3,ligandmpnn,notcr,2BNQ_ABC_DE,SLLMWITQV,9984,3420,0.1758,0.0,1.3436,MPIDNITSL,0.0125
skempi,0.3,ligandmpnn,notcr,2E7L_EQ_AD,QLSPFPFDL,9984,338,0.457,0.0,0.6489,ALPPMPPAL,0.0771
skempi,0.3,ligandmpnn,notcr,2OI9_AQ_BC,QLSPFPFDL,9984,159,0.4535,0.0,0.4153,PLPPPPLPL,0.2515
skempi,0.3,ligandmpnn,notcr,2PYE_ABC_DE,SLLMWITQC,9984,1733,0.2377,0.0,0.9843,MLLDELVPL,0.1061
skempi,0.3,ligandmpnn,notcr,3C60_CD_AB,FEAQKAKANKAVD,9984,4899,0.1154,0.0,1.0433,YPIAITTPVPAPE,0.0162
skempi,0.3,ligandmpnn,notcr,3D3V_ABC_DE,LLFGFPVYV,9984,374,0.3971,0.0,0.5456,MLFDNPVVL,0.1806
skempi,0.3,ligandmpnn,notcr,3H9S_ABC_DE,MLWGYLQYV,9984,724,0.2148,0.0,0.5871,MLMDFELPF,0.3441
skempi,0.3,ligandmpnn,notcr,3PWP_ABC_DE,LGYGFVNYI,9984,3572,0.0298,0.0,1.3317,MLFPHPVHV,0.0148
skempi,0.3,ligandmpnn,notcr,3QDJ_ABC_DE,AAGIGILTV,9984,3986,0.2888,0.0,1.4467,MFGDGYLPL,0.0101
skempi,0.3,ligandmpnn,notcr,3QIB_ABP_CD,ADLIAYLKQATKG,9984,6461,0.2935,0.0,1.216,MKPLKYLKKEKFG,0.01
skempi,0.3,ligandmpnn,notcr,4FTV_ABC_DE,LLFGYPVYV,9984,446,0.4354,0.0,0.5784,MLFEHPVVF,0.2364
skempi,0.3,ligandmpnn,notcr,4JFD_ABC_DE,ELAAIGILTV,9984,584,0.3622,0.0,0.5485,MLPDSGILSL,0.2432
skempi,0.3,ligandmpnn,notcr,4JFE_ABC_DE,ELAGIGALTV,9984,319,0.3186,0.0,0.4351,MLPDSGFVSV,0.3316
skempi,0.3,ligandmpnn,notcr,4JFF_ABC_DE,ELAGIGILTV,9984,768,0.3379,0.0,0.6464,MLPDSGIVSL,0.1899
skempi,0.3,ligandmpnn,notcr,4L3E_ABC_DE,ELAGIGILTV,9984,978,0.3262,0.0,0.6707,MPPDSGILPM,0.1638
skempi,0.3,ligandmpnn,notcr,4MNQ_ABC_DE,ILAKFLHWL,9984,1176,0.3272,0.0,0.9473,MLSDFNEVL,0.0344
skempi,0.3,ligandmpnn,notcr,4OZG_ABJ_GH,APQPELPYPQPG,9984,2628,0.2888,0.0,0.8877,SFQSLEPELFPE,0.033
skempi,0.3,ligandmpnn,notcr,4P5T_CD_AB,FEAQKAKANKAVD,9984,4888,0.1937,0.0,1.0316,YPYKTSVPVEAVE,0.0085
skempi,0.3,ligandmpnn,notcr,5E9D_AB_CDE,ELAGIGILTV,9984,555,0.3247,0.0,0.5492,MLPDTGIVPL,0.296
skempi,0.3,proteinmpnn,full,1BD2_ABC_DE,LLFGYPVYV,9984,1146,0.2953,0.0,0.9307,MLPGFPLVL,0.0324
skempi,0.3,proteinmpnn,full,1LP9_ABC_EF,ALWGFFPVL,9984,243,0.6559,0.0,0.3083,MLPGFFPRL,0.6456
skempi,0.3,proteinmpnn,full,1MI5_ABC_DE,FLRGRAYGL,9984,952,0.449,0.0,0.8332,MLYGKAFPL,0.1067
skempi,0.3,proteinmpnn,full,1QSE_ABC_DE,LLFGYPRYV,9984,381,0.6173,0.0,0.5148,MLYGYPRRT,0.2295
skempi,0.3,proteinmpnn,full,2AK4_ABC_DE,LPEPLPQGQLTAY,9984,1333,0.4126,0.0,0.6659,MPPPNPKGAVVPL,0.0351
skempi,0.3,proteinmpnn,full,2BNQ_ABC_DE,SLLMWITQV,9984,445,0.342,0.0,0.5302,MLPEWVTPL,0.266
skempi,0.3,proteinmpnn,full,2E7L_EQ_AD,QLSPFPFDL,9984,286,0.6263,0.0,0.4418,MLPPLPFDL,0.2748
skempi,0.3,proteinmpnn,full,2J8U_ABC_EF,ALWGFFPVL,9984,542,0.5583,0.0,0.6088,MLPGFHPRL,0.2369
skempi,0.3,proteinmpnn,full,2JCC_ABC_EF,ALWGFFPVL,9984,820,0.6085,0.0,0.7413,SLPGFFPGL,0.1039
skempi,0.3,proteinmpnn,full,2OI9_AQ_BC,QLSPFPFDL,9984,397,0.5663,0.0,0.5668,MPPPAPFDL,0.302
skempi,0.3,proteinmpnn,full,2PYE_ABC_DE,SLLMWITQC,9984,1068,0.2538,0.0,0.8477,MLPNYDTPL,0.0959
skempi,0.3,proteinmpnn,full,2UWE_ABC_EF,ALWGFFPVL,9984,813,0.6081,0.0,0.6977,MLPGFFPRL,0.1891
skempi,0.3,proteinmpnn,full,3C60_CD_AB,FEAQKAKANKAVD,9984,6930,0.0882,0.0,1.234,IPMRTTRPIPMAE,0.0048
skempi,0.3,proteinmpnn,full,3D3V_ABC_DE,LLFGFPVYV,9984,367,0.4537,0.0,0.633,MLFPWPVVL,0.0846
skempi,0.3,proteinmpnn,full,3H9S_ABC_DE,MLWGYLQYV,9984,184,0.4047,0.0,0.3486,MLPGYILPL,0.4149
skempi,0.3,proteinmpnn,full,3PWP_ABC_DE,LGYGFVNYI,9984,150,0.3704,0.0,0.3256,MLYGFPRYL,0.4521
skempi,0.3,proteinmpnn,full,3QDJ_ABC_DE,AAGIGILTV,9984,1732,0.2011,0.0,1.0038,MPPSAHLTL,0.0449
skempi,0.3,proteinmpnn,full,3QIB_ABP_CD,ADLIAYLKQATKG,9984,1405,0.4311,0.0,0.6258,AAPLAYLRRPTRG,0.0711
skempi,0.3,proteinmpnn,full,4FTV_ABC_DE,LLFGYPVYV,9984,360,0.4634,0.0,0.6546,MLFGWPVVS,0.0796
skempi,0.3,proteinmpnn,full,4JFD_ABC_DE,ELAAIGILTV,9984,640,0.3451,0.0,0.6781,MLPGIGEYAF,0.1273
skempi,0.3,proteinmpnn,full,4JFE_ABC_DE,ELAGIGALTV,9984,952,0.4231,0.0,0.7363,MLPGIGIYPL,0.0684
skempi,0.3,proteinmpnn,full,4JFF_ABC_DE,ELAGIGILTV,9984,405,0.5531,0.0,0.4323,MLPGIGILPF,0.4059
skempi,0.3,proteinmpnn,full,4L3E_ABC_DE,ELAGIGILTV,9984,391,0.5684,0.0,0.4392,MLPGTGILTA,0.4083
skempi,0.3,proteinmpnn,full,4MNQ_ABC_DE,ILAKFLHWL,9984,555,0.2318,0.0,0.5583,MLPRLRITL,0.386
skempi,0.3,proteinmpnn,full,4OZG_ABJ_GH,APQPELPYPQPG,9984,6150,0.3743,0.0,1.2265,GYQPVQPEPFPP,0.0053
skempi,0.3,proteinmpnn,full,4P23_CD_AB,FEAQKAKANKAVD,9984,3883,0.1868,0.0,0.9247,AEYRSSRPVVMVE,0.02
skempi,0.3,proteinmpnn,full,4P5T_CD_AB,FEAQKAKANKAVD,9984,3684,0.2934,0.0,0.9066,LEYRVSKPLPAVE,0.0173
skempi,0.3,proteinmpnn,full,5E9D_AB_CDE,ELAGIGILTV,9984,1029,0.564,0.0,0.7334,MLPGIGILTL,0.1097
skempi,0.3,proteinmpnn,notcr,1BD2_ABC_DE,LLFGYPVYV,9984,2638,0.2118,0.0,1.1646,MLYDNPQVL,0.0228
skempi,0.3,proteinmpnn,notcr,1LP9_ABC_EF,ALWGFFPVL,9984,118,0.5524,0.0,0.3143,MLPDFFPSL,0.2484
skempi,0.3,proteinmpnn,notcr,1MI5_ABC_DE,FLRGRAYGL,9984,1497,0.2465,0.0,1.0112,MLPLKTTPL,0.0824
skempi,0.3,proteinmpnn,notcr,1QSE_ABC_DE,LLFGYPRYV,9984,2697,0.3034,0.0,1.1848,MLYDAPAPV,0.0183
skempi,0.3,proteinmpnn,notcr,2AK4_ABC_DE,LPEPLPQGQLTAY,9984,1253,0.4525,0.0,0.6082,MPPPLPEGELVPF,0.1096
skempi,0.3,proteinmpnn,notcr,2BNQ_ABC_DE,SLLMWITQV,9984,2574,0.1239,0.0,1.1624,MLPEKVYPL,0.0277
skempi,0.3,proteinmpnn,notcr,2E7L_EQ_AD,QLSPFPFDL,9984,372,0.4295,0.0,0.5102,MLPPMPPPL,0.238
skempi,0.3,proteinmpnn,notcr,2J8U_ABC_EF,ALWGFFPVL,9984,942,0.3692,0.0,0.8346,MLPPLHPTL,0.0947
skempi,0.3,proteinmpnn,notcr,2JCC_ABC_EF,ALWGFFPVL,9984,706,0.4817,0.0,0.6719,MLPDFFPGL,0.1707
skempi,0.3,proteinmpnn,notcr,2OI9_AQ_BC,QLSPFPFDL,9984,289,0.3364,0.0,0.4847,MPPPPPLPL,0.3603
skempi,0.3,proteinmpnn,notcr,2PYE_ABC_DE,SLLMWITQC,9984,3268,0.1204,0.0,1.2836,MLPDEFLPL,0.0179
skempi,0.3,proteinmpnn,notcr,2UWE_ABC_EF,ALWGFFPVL,9984,455,0.4753,0.0,0.5987,MLPDFFPSL,0.1177
skempi,0.3,proteinmpnn,notcr,3C60_CD_AB,FEAQKAKANKAVD,9984,6871,0.0433,0.0,1.2435,VPLRTTTPIPMAE,0.0081
skempi,0.3,proteinmpnn,notcr,3D3V_ABC_DE,LLFGFPVYV,9984,1768,0.3704,0.0,1.0162,MLFENPVVL,0.0444
skempi,0.3,proteinmpnn,notcr,3H9S_ABC_DE,MLWGYLQYV,9984,484,0.2218,0.0,0.4782,MLPDFELPL,0.4369
skempi,0.3,proteinmpnn,notcr,3PWP_ABC_DE,LGYGFVNYI,9984,1675,0.1016,0.0,0.982,MLYPNPTTL,0.0907
skempi,0.3,proteinmpnn,notcr,3QDJ_ABC_DE,AAGIGILTV,9984,2113,0.0774,0.0,1.08,MPPDAEIPL,0.0439
skempi,0.3,proteinmpnn,notcr,3QIB_ABP_CD,ADLIAYLKQATKG,9984,5823,0.2691,0.0,1.1237,AEPLKYLAAPVRG,0.0084
skempi,0.3,proteinmpnn,notcr,4FTV_ABC_DE,LLFGYPVYV,9984,1903,0.3465,0.0,1.0542,MLFDNPQVL,0.0407
skempi,0.3,proteinmpnn,notcr,4JFD_ABC_DE,ELAAIGILTV,9984,1977,0.3395,0.0,0.926,MLPDTGILPF,0.068
skempi,0.3,proteinmpnn,notcr,4JFE_ABC_DE,ELAGIGALTV,9984,3522,0.2816,0.0,1.1962,MLPDTGIETL,0.023
skempi,0.3,proteinmpnn,notcr,4JFF_ABC_DE,ELAGIGILTV,9984,1568,0.362,0.0,0.8519,MLPDTGILPF,0.107
skempi,0.3,proteinmpnn,notcr,4L3E_ABC_DE,ELAGIGILTV,9984,1667,0.4217,0.0,0.8714,MLPSSGILTA,0.0621
skempi,0.3,proteinmpnn,notcr,4MNQ_ABC_DE,ILAKFLHWL,9984,708,0.2236,0.0,0.6911,MLPDLQEVL,0.1197
skempi,0.3,proteinmpnn,notcr,4OZG_ABJ_GH,APQPELPYPQPG,9984,6249,0.3467,0.0,1.2416,GYQPVEPELFPE,0.0074
skempi,0.3,proteinmpnn,notcr,4P23_CD_AB,FEAQKAKANKAVD,9984,6006,0.1478,0.0,1.1418,AEYRSSTPVEMVE,0.0073
skempi,0.3,proteinmpnn,notcr,4P5T_CD_AB,FEAQKAKANKAVD,9984,7491,0.1818,0.0,1.2985,LEYRVSQPLEAVE,0.0042
skempi,0.3,proteinmpnn,notcr,5E9D_AB_CDE,ELAGIGILTV,9984,1115,0.3698,0.0,0.7499,MLPDTGIVTL,0.1349
skempi,0.3,proteinmpnn_nomhc,full,1BD2_ABC_DE,LLFGYPVYV,9984,1031,0.4099,0.0,0.8947,MLPGFPVRL,0.0714
skempi,0.3,proteinmpnn_nomhc,full,1LP9_ABC_EF,ALWGFFPVL,9984,37,0.6657,0.0,0.0577,MLPGFFPRL,0.9425
skempi,0.3,proteinmpnn_nomhc,full,1MI5_ABC_DE,FLRGRAYGL,9984,602,0.4281,0.0,0.6959,MLFGKAFAL,0.1583
skempi,0.3,proteinmpnn_nomhc,full,1QSE_ABC_DE,LLFGYPRYV,9984,210,0.6074,0.0,0.3436,MLFGYPRRL,0.5141
skempi,0.3,proteinmpnn_nomhc,full,2AK4_ABC_DE,LPEPLPQGQLTAY,9984,1003,0.3721,0.0,0.6027,MPFPLPKGPVIPF,0.0378
skempi,0.3,proteinmpnn_nomhc,full,2BNQ_ABC_DE,SLLMWITQV,9984,424,0.3546,0.0,0.551,MLPNWVTPL,0.2245
skempi,0.3,proteinmpnn_nomhc,full,2E7L_EQ_AD,QLSPFPFDL,9984,66,0.547,0.0,0.1435,MLPPLPFQL,0.7705
skempi,0.3,proteinmpnn_nomhc,full,2J8U_ABC_EF,ALWGFFPVL,9984,222,0.491,0.0,0.5063,MLFGFHPRL,0.183
skempi,0.3,proteinmpnn_nomhc,full,2JCC_ABC_EF,ALWGFFPVL,9984,175,0.6314,0.0,0.3955,MLFGFFPRL,0.2724
skempi,0.3,proteinmpnn_nomhc,full,2OI9_AQ_BC,QLSPFPFDL,9984,265,0.6245,0.0,0.4702,MLPPFPFQL,0.2459
skempi,0.3,proteinmpnn_nomhc,full,2PYE_ABC_DE,SLLMWITQC,9984,679,0.2642,0.0,0.7387,MLMNYETPL,0.1278
skempi,0.3,proteinmpnn_nomhc,full,2UWE_ABC_EF,ALWGFFPVL,9984,156,0.6429,0.0,0.3096,MLFGFFPRL,0.4329
skempi,0.3,proteinmpnn_nomhc,full,3C60_CD_AB,FEAQKAKANKAVD,9984,5387,0.1279,0.0,1.0848,IPIRTSRAPPAPE,0.0202
skempi,0.3,proteinmpnn_nomhc,full,3D3V_ABC_DE,LLFGFPVYV,9984,61,0.5418,0.0,0.167,MLFGWPVRL,0.7771
skempi,0.3,proteinmpnn_nomhc,full,3H9S_ABC_DE,MLWGYLQYV,9984,527,0.3992,0.0,0.621,MLMGYSYPL,0.1422
skempi,0.3,proteinmpnn_nomhc,full,3PWP_ABC_DE,LGYGFVNYI,9984,59,0.2208,0.0,0.1423,MLFGFPRRL,0.8074
skempi,0.3,proteinmpnn_nomhc,full,3QDJ_ABC_DE,AAGIGILTV,9984,3325,0.1029,0.0,1.3107,MFPTADISF,0.0133
skempi,0.3,proteinmpnn_nomhc,full,3QIB_ABP_CD,ADLIAYLKQATKG,9984,1238,0.4412,0.0,0.614,AKPLAYLRAPTRG,0.0578
skempi,0.3,proteinmpnn_nomhc,full,4FTV_ABC_DE,LLFGYPVYV,9984,218,0.5831,0.0,0.5633,MLFGYPVVL,0.1754
skempi,0.3,proteinmpnn_nomhc,full,4JFD_ABC_DE,ELAAIGILTV,9984,576,0.3448,0.0,0.693,MLPGIGIRSL,0.0988
skempi,0.3,proteinmpnn_nomhc,full,4JFE_ABC_DE,ELAGIGALTV,9984,369,0.3896,0.0,0.5046,MLPGIGIRSL,0.2196
skempi,0.3,proteinmpnn_nomhc,full,4JFF_ABC_DE,ELAGIGILTV,9984,185,0.4667,0.0,0.3796,MLPGIGIRPL,0.3238
skempi,0.3,proteinmpnn_nomhc,full,4L3E_ABC_DE,ELAGIGILTV,9984,578,0.4668,0.0,0.6816,MLPGTGILVF,0.0674
skempi,0.3,proteinmpnn_nomhc,full,4MNQ_ABC_DE,ILAKFLHWL,9984,624,0.2723,0.0,0.7344,MLSRLREFL,0.1342
skempi,0.3,proteinmpnn_nomhc,full,4OZG_ABJ_GH,APQPELPYPQPG,9984,4744,0.2351,0.0,1.1,SYVGEVEPPFPS,0.0091
skempi,0.3,proteinmpnn_nomhc,full,4P23_CD_AB,FEAQKAKANKAVD,9984,6568,0.2131,0.0,1.2222,YELTNSRPIPIVE,0.004
skempi,0.3,proteinmpnn_nomhc,full,4P5T_CD_AB,FEAQKAKANKAVD,9984,3173,0.3008,0.0,0.8635,LELRTTKPPPAVE,0.0151
skempi,0.3,proteinmpnn_nomhc,full,5E9D_AB_CDE,ELAGIGILTV,9984,574,0.5146,0.0,0.5648,MLPGIGIRQL,0.2133
skempi,0.3,proteinmpnn_nomhc,notcr,1BD2_ABC_DE,LLFGYPVYV,9984,2225,0.2465,0.0,1.128,MLYDHPQPL,0.0332
skempi,0.3,proteinmpnn_nomhc,notcr,1LP9_ABC_EF,ALWGFFPVL,9984,58,0.5446,0.0,0.2171,MLPDFFPSL,0.5801
skempi,0.3,proteinmpnn_nomhc,notcr,1MI5_ABC_DE,FLRGRAYGL,9984,392,0.2926,0.0,0.5899,MLFNRTFPL,0.2009
skempi,0.3,proteinmpnn_nomhc,notcr,1QSE_ABC_DE,LLFGYPRYV,9984,1790,0.2887,0.0,1.0646,MLYPHPVPL,0.0319
skempi,0.3,proteinmpnn_nomhc,notcr,2AK4_ABC_DE,LPEPLPQGQLTAY,9984,1151,0.3953,0.0,0.6267,MPFPLPEGELVPF,0.0734
skempi,0.3,proteinmpnn_nomhc,notcr,2BNQ_ABC_DE,SLLMWITQV,9984,946,0.1551,0.0,0.8288,MLPDKVFSL,0.0688
skempi,0.3,proteinmpnn_nomhc,notcr,2E7L_EQ_AD,QLSPFPFDL,9984,158,0.4455,0.0,0.391,MLPPMPPPL,0.3503
skempi,0.3,proteinmpnn_nomhc,notcr,2J8U_ABC_EF,ALWGFFPVL,9984,220,0.4433,0.0,0.4701,MLYPFHPSL,0.2157
skempi,0.3,proteinmpnn_nomhc,notcr,2JCC_ABC_EF,ALWGFFPVL,9984,110,0.4515,0.0,0.2593,MLPDFHPSL,0.634
skempi,0.3,proteinmpnn_nomhc,notcr,2OI9_AQ_BC,QLSPFPFDL,9984,194,0.4431,0.0,0.3443,PLPPPPLPL,0.4545
skempi,0.3,proteinmpnn_nomhc,notcr,2PYE_ABC_DE,SLLMWITQC,9984,1936,0.1466,0.0,1.0419,MLMEKEVPL,0.0549
skempi,0.3,proteinmpnn_nomhc,notcr,2UWE_ABC_EF,ALWGFFPVL,9984,91,0.4574,0.0,0.2812,MLPDFHPSL,0.5397
skempi,0.3,proteinmpnn_nomhc,notcr,3C60_CD_AB,FEAQKAKANKAVD,9984,5319,0.1343,0.0,1.093,IEIKTSTAPPAPE,0.0187
skempi,0.3,proteinmpnn_nomhc,notcr,3D3V_ABC_DE,LLFGFPVYV,9984,601,0.3802,0.0,0.6991,MLFPAPVPL,0.13
skempi,0.3,proteinmpnn_nomhc,notcr,3H9S_ABC_DE,MLWGYLQYV,9984,846,0.2504,0.0,0.781,MLMDFDLPL,0.1218
skempi,0.3,proteinmpnn_nomhc,notcr,3PWP_ABC_DE,LGYGFVNYI,9984,738,0.0282,0.0,0.7448,MLFPHPVTL,0.1167
skempi,0.3,proteinmpnn_nomhc,notcr,3QDJ_ABC_DE,AAGIGILTV,9984,2235,0.0366,0.0,1.1243,MFPDADIPF,0.0388
skempi,0.3,proteinmpnn_nomhc,notcr,3QIB_ABP_CD,ADLIAYLKQATKG,9984,5237,0.2941,0.0,1.0737,AKELKFLKAPVFG,0.0217
skempi,0.3,proteinmpnn_nomhc,notcr,4FTV_ABC_DE,LLFGYPVYV,9984,1001,0.3522,0.0,0.8518,MLFPAPVPL,0.0673
skempi,0.3,proteinmpnn_nomhc,notcr,4JFD_ABC_DE,ELAAIGILTV,9984,1557,0.2476,0.0,0.8475,MLPDQGFVPL,0.0919
skempi,0.3,proteinmpnn_nomhc,notcr,4JFE_ABC_DE,ELAGIGALTV,9984,979,0.2051,0.0,0.6856,MLPDFGFVSL,0.1862
skempi,0.3,proteinmpnn_nomhc,notcr,4JFF_ABC_DE,ELAGIGILTV,9984,1076,0.2859,0.0,0.7341,MLPDQGIVPL,0.1344
skempi,0.3,proteinmpnn_nomhc,notcr,4L3E_ABC_DE,ELAGIGILTV,9984,1824,0.2934,0.0,0.9596,MLPDSGIAVF,0.0456
skempi,0.3,proteinmpnn_nomhc,notcr,4MNQ_ABC_DE,ILAKFLHWL,9984,627,0.312,0.0,0.7878,MLDDFNEVL,0.0571
skempi,0.3,proteinmpnn_nomhc,notcr,4OZG_ABJ_GH,APQPELPYPQPG,9984,5117,0.1344,0.0,1.1335,SYVGLEEPLFPE,0.0135
skempi,0.3,proteinmpnn_nomhc,notcr,4P23_CD_AB,FEAQKAKANKAVD,9984,8430,0.1722,0.0,1.4342,YQLTQSVAPEAVE,0.0021
skempi,0.3,proteinmpnn_nomhc,notcr,4P5T_CD_AB,FEAQKAKANKAVD,9984,7490,0.1815,0.0,1.2923,MKLNVTTPPEAVE,0.0024
skempi,0.3,proteinmpnn_nomhc,notcr,5E9D_AB_CDE,ELAGIGILTV,9984,515,0.3507,0.0,0.5583,MLPDTGIVPL,0.2229
